tanggal,jam
23-Nov-21,22:40
24-Nov-21,21:58
23-Nov-21,19:05
23-Nov-21,15:08
23-Nov-21,14:49
23-Nov-21,14:47
20-Nov-21,14:25
23-Nov-21,13:39
23-Nov-21,13:03
23-Nov-21,12:40
23-Nov-21,12:40
23-Nov-21,12:35
23-Nov-21,12:34
23-Nov-21,11:40
25-Nov-21,11:02
27-Nov-21,9:27
27-Nov-21,9:19
27-Nov-21,8:16
27-Nov-21,6:51
27-Nov-21,6:30
27-Nov-21,5:04
27-Nov-21,4:55
27-Nov-21,4:42
27-Nov-21,4:40
27-Nov-21,4:40
20-Nov-21,4:36
22-Nov-21,4:32
21-Nov-21,4:16
20-Nov-21,4:03
20-Nov-21,4:00
22-Nov-21,3:30
26-Nov-21,3:30
22-Nov-21,3:30
27-Nov-21,3:29
27-Nov-21,3:29
26-Nov-21,3:29
28-Nov-21,3:22
20-Nov-21,3:08
22-Nov-21,3:00
22-Nov-21,2:45
22-Nov-21,2:45
23-Nov-21,2:28
22-Nov-21,2:28
23-Nov-21,22:20
22-Nov-21,21:11
22-Nov-21,21:04
24-Nov-21,17:21
23-Nov-21,16:03
22-Nov-21,15:49
22-Nov-21,15:26
22-Nov-21,15:22
28-Nov-21,15:04
28-Nov-21,14:54
26-Nov-21,14:31
26-Nov-21,14:09
26-Nov-21,13:57
27-Nov-21,13:57
24-Nov-21,13:57
22-Nov-21,13:57
28-Nov-21,13:57
28-Nov-21,13:56
27-Nov-21,13:36
23-Nov-21,13:34
23-Nov-21,13:33
27-Nov-21,13:33
26-Nov-21,13:32
23-Nov-21,13:32
27-Nov-21,13:32
23-Nov-21,13:32
24-Nov-21,13:23
24-Nov-21,12:51
24-Nov-21,12:47
22-Nov-21,12:27
27-Nov-21,12:08
20-Nov-21,12:06
22-Nov-21,11:54
26-Nov-21,11:53
20-Nov-21,11:53
20-Nov-21,11:53
20-Nov-21,11:53
20-Nov-21,11:53
24-Nov-21,11:52
24-Nov-21,11:52
22-Nov-21,11:52
22-Nov-21,11:52
22-Nov-21,11:52
22-Nov-21,11:51
23-Nov-21,11:40
24-Nov-21,11:37
24-Nov-21,11:37
23-Nov-21,11:35
22-Nov-21,11:34
23-Nov-21,11:33
25-Nov-21,11:32
22-Nov-21,11:31
26-Nov-21,11:29
25-Nov-21,11:23
20-Nov-21,10:43
27-Nov-21,10:38
27-Nov-21,10:36
27-Nov-21,10:32
27-Nov-21,10:28
27-Nov-21,10:25
27-Nov-21,10:24
27-Nov-21,10:16
28-Nov-21,10:16
27-Nov-21,10:16
27-Nov-21,10:16
27-Nov-21,10:16
27-Nov-21,10:15
27-Nov-21,10:12
27-Nov-21,10:05
27-Nov-21,10:00
26-Nov-21,9:59
27-Nov-21,9:55
27-Nov-21,9:55
27-Nov-21,9:55
27-Nov-21,9:55
27-Nov-21,9:54
27-Nov-21,9:54
22-Nov-21,9:54
22-Nov-21,8:44
26-Nov-21,8:38
24-Nov-21,7:45
27-Nov-21,7:43
22-Nov-21,7:40
26-Nov-21,7:38
26-Nov-21,7:32
24-Nov-21,7:23
24-Nov-21,7:19
24-Nov-21,7:19
24-Nov-21,7:15
26-Nov-21,7:06
24-Nov-21,7:05
22-Nov-21,6:56
26-Nov-21,6:53
27-Nov-21,6:44
26-Nov-21,6:28
22-Nov-21,6:14
23-Nov-21,6:01
25-Nov-21,6:00
23-Nov-21,5:54
23-Nov-21,5:51
26-Nov-21,5:47
23-Nov-21,5:45
24-Nov-21,5:39
24-Nov-21,5:34
25-Nov-21,5:28
24-Nov-21,5:24
26-Nov-21,5:24
25-Nov-21,5:23
23-Nov-21,5:23
21-Nov-21,5:23
26-Nov-21,5:23
25-Nov-21,5:12
23-Nov-21,5:12
26-Nov-21,5:12
26-Nov-21,5:11
27-Nov-21,5:11
27-Nov-21,5:11
21-Nov-21,5:11
23-Nov-21,4:56
25-Nov-21,4:56
23-Nov-21,4:55
26-Nov-21,4:55
26-Nov-21,4:55
24-Nov-21,4:55
27-Nov-21,4:53
26-Nov-21,4:52
26-Nov-21,4:52
25-Nov-21,4:52
22-Nov-21,4:52
23-Nov-21,4:52
26-Nov-21,4:49
26-Nov-21,4:49
27-Nov-21,4:48
26-Nov-21,4:48
22-Nov-21,4:48
26-Nov-21,4:48
27-Nov-21,4:47
23-Nov-21,4:47
22-Nov-21,4:42
26-Nov-21,4:40
26-Nov-21,4:39
25-Nov-21,4:37
22-Nov-21,4:34
26-Nov-21,4:32
26-Nov-21,4:27
26-Nov-21,4:24
26-Nov-21,4:24
23-Nov-21,4:21
26-Nov-21,4:18
24-Nov-21,4:16
26-Nov-21,4:15
22-Nov-21,4:11
25-Nov-21,4:06
24-Nov-21,4:05
26-Nov-21,4:04
23-Nov-21,4:02
23-Nov-21,4:02
21-Nov-21,4:01
21-Nov-21,4:01
24-Nov-21,4:00
24-Nov-21,3:59
24-Nov-21,3:51
26-Nov-21,3:49
24-Nov-21,3:48
25-Nov-21,3:48
24-Nov-21,3:36
26-Nov-21,3:21
23-Nov-21,3:15
27-Nov-21,3:12
25-Nov-21,3:12
26-Nov-21,3:09
21-Nov-21,2:53
22-Nov-21,2:53
22-Nov-21,2:49
20-Nov-21,2:41
25-Nov-21,2:40
24-Nov-21,2:40
25-Nov-21,2:40
25-Nov-21,2:40
21-Nov-21,2:40
26-Nov-21,2:40
26-Nov-21,2:37
25-Nov-21,2:36
25-Nov-21,2:32
26-Nov-21,2:32
25-Nov-21,2:29
25-Nov-21,2:28
22-Nov-21,2:27
26-Nov-21,2:22
22-Nov-21,2:21
26-Nov-21,2:21
24-Nov-21,2:17
25-Nov-21,2:17
26-Nov-21,2:17
25-Nov-21,2:17
22-Nov-21,2:16
26-Nov-21,2:16
26-Nov-21,2:16
27-Nov-21,2:16
26-Nov-21,2:16
26-Nov-21,2:16
24-Nov-21,2:16
22-Nov-21,2:16
27-Nov-21,2:16
21-Nov-21,2:16
26-Nov-21,2:14
20-Nov-21,2:14
27-Nov-21,2:14
24-Nov-21,2:14
26-Nov-21,2:14
26-Nov-21,2:13
28-Nov-21,2:13
28-Nov-21,2:08
20-Nov-21,2:07
20-Nov-21,2:06
20-Nov-21,2:00
22-Nov-21,1:57
27-Nov-21,1:55
25-Nov-21,1:54
24-Nov-21,1:43
23-Nov-21,1:34
26-Nov-21,1:34
22-Nov-21,1:33
23-Nov-21,1:33
23-Nov-21,1:32
22-Nov-21,1:30
22-Nov-21,1:29
23-Nov-21,1:25
24-Nov-21,1:24
24-Nov-21,1:21
24-Nov-21,1:21
24-Nov-21,1:20
22-Nov-21,1:19
22-Nov-21,1:17
22-Nov-21,1:15
25-Nov-21,1:13
25-Nov-21,1:13
24-Nov-21,1:13
26-Nov-21,1:12
25-Nov-21,1:09
27-Nov-21,1:09
27-Nov-21,1:09
21-Nov-21,1:09
26-Nov-21,1:09
23-Nov-21,1:09
23-Nov-21,1:08
24-Nov-21,1:08
25-Nov-21,0:55
25-Nov-21,0:54
23-Nov-21,0:54
22-Nov-21,0:53
21-Nov-21,0:52
24-Nov-21,0:51
27-Nov-21,0:47
24-Nov-21,0:46
25-Nov-21,0:45
23-Nov-21,0:38
21-Nov-21,0:25
22-Nov-21,0:25
26-Nov-21,0:23
24-Nov-21,0:22
23-Nov-21,0:15
26-Nov-21,0:10
28-Nov-21,0:04
21-Nov-21,0:04
23-Nov-21,0:01
25-Nov-21,23:52
24-Nov-21,23:50
26-Nov-21,23:48
25-Nov-21,23:38
23-Nov-21,23:36
20-Nov-21,23:28
20-Nov-21,23:27
21-Nov-21,23:25
21-Nov-21,23:21
25-Nov-21,23:20
25-Nov-21,23:20
27-Nov-21,23:20
20-Nov-21,23:20
24-Nov-21,23:20
24-Nov-21,23:15
25-Nov-21,23:14
27-Nov-21,23:14
24-Nov-21,23:14
26-Nov-21,23:14
26-Nov-21,23:14
22-Nov-21,23:11
27-Nov-21,23:10
25-Nov-21,23:10
23-Nov-21,23:10
23-Nov-21,23:10
27-Nov-21,23:10
25-Nov-21,22:58
27-Nov-21,22:45
23-Nov-21,22:42
21-Nov-21,22:42
21-Nov-21,22:39
23-Nov-21,22:35
23-Nov-21,22:32
22-Nov-21,22:27
22-Nov-21,22:18
22-Nov-21,22:16
22-Nov-21,22:15
22-Nov-21,22:14
22-Nov-21,22:14
22-Nov-21,22:14
22-Nov-21,22:14
22-Nov-21,22:14
22-Nov-21,22:14
22-Nov-21,22:14
22-Nov-21,22:13
22-Nov-21,22:12
22-Nov-21,22:12
22-Nov-21,22:12
21-Nov-21,22:12
21-Nov-21,22:12
21-Nov-21,22:12
26-Nov-21,22:10
26-Nov-21,22:06
26-Nov-21,22:01
27-Nov-21,22:00
27-Nov-21,21:52
27-Nov-21,21:50
25-Nov-21,21:47
24-Nov-21,21:41
24-Nov-21,21:40
21-Nov-21,21:20
26-Nov-21,21:12
21-Nov-21,21:10
26-Nov-21,21:10
24-Nov-21,21:07
24-Nov-21,20:55
23-Nov-21,20:43
22-Nov-21,20:31
26-Nov-21,20:31
26-Nov-21,20:31
26-Nov-21,20:31
26-Nov-21,20:21
26-Nov-21,19:46
26-Nov-21,18:47
26-Nov-21,18:46
26-Nov-21,18:40
25-Nov-21,18:40
24-Nov-21,17:50
24-Nov-21,17:49
24-Nov-21,17:45
21-Nov-21,17:40
28-Nov-21,17:39
28-Nov-21,17:39
27-Nov-21,17:20
26-Nov-21,17:11
26-Nov-21,16:53
26-Nov-21,16:49
26-Nov-21,16:49
26-Nov-21,16:44
25-Nov-21,16:42
25-Nov-21,16:35
25-Nov-21,16:31
25-Nov-21,16:30
25-Nov-21,16:28
25-Nov-21,16:23
25-Nov-21,16:07
25-Nov-21,15:54
25-Nov-21,15:51
25-Nov-21,15:51
25-Nov-21,15:50
25-Nov-21,15:46
25-Nov-21,15:41
24-Nov-21,15:41
24-Nov-21,15:40
24-Nov-21,15:34
24-Nov-21,15:26
24-Nov-21,15:23
24-Nov-21,15:22
24-Nov-21,15:15
24-Nov-21,15:14
24-Nov-21,15:11
24-Nov-21,15:11
24-Nov-21,15:10
24-Nov-21,15:08
24-Nov-21,15:06
24-Nov-21,15:02
24-Nov-21,15:00
24-Nov-21,15:00
24-Nov-21,15:00
24-Nov-21,14:59
24-Nov-21,14:59
24-Nov-21,14:58
24-Nov-21,14:55
24-Nov-21,14:54
24-Nov-21,14:54
24-Nov-21,14:48
24-Nov-21,14:48
24-Nov-21,14:45
24-Nov-21,14:44
24-Nov-21,14:43
24-Nov-21,14:39
24-Nov-21,14:38
24-Nov-21,14:34
24-Nov-21,14:31
24-Nov-21,14:31
24-Nov-21,14:31
24-Nov-21,14:31
24-Nov-21,14:30
24-Nov-21,14:30
24-Nov-21,14:30
24-Nov-21,14:30
24-Nov-21,14:30
24-Nov-21,14:30
24-Nov-21,14:29
24-Nov-21,14:24
24-Nov-21,14:21
24-Nov-21,14:18
24-Nov-21,14:16
24-Nov-21,14:14
24-Nov-21,14:13
24-Nov-21,14:10
24-Nov-21,14:08
24-Nov-21,14:02
24-Nov-21,14:02
24-Nov-21,14:01
24-Nov-21,14:00
24-Nov-21,14:00
24-Nov-21,13:59
24-Nov-21,13:56
24-Nov-21,13:56
24-Nov-21,13:56
24-Nov-21,13:56
24-Nov-21,13:56
24-Nov-21,13:56
24-Nov-21,13:53
24-Nov-21,13:53
24-Nov-21,13:53
24-Nov-21,13:53
24-Nov-21,13:53
24-Nov-21,13:53
24-Nov-21,13:44
24-Nov-21,13:41
24-Nov-21,13:37
24-Nov-21,13:36
24-Nov-21,13:34
24-Nov-21,13:32
24-Nov-21,13:29
24-Nov-21,13:26
24-Nov-21,13:26
24-Nov-21,13:23
24-Nov-21,13:23
24-Nov-21,13:22
24-Nov-21,13:14
24-Nov-21,13:13
24-Nov-21,13:09
24-Nov-21,13:06
24-Nov-21,13:04
24-Nov-21,13:02
24-Nov-21,13:02
24-Nov-21,13:00
24-Nov-21,12:59
24-Nov-21,12:59
24-Nov-21,12:58
24-Nov-21,12:57
24-Nov-21,12:54
24-Nov-21,12:52
24-Nov-21,12:50
24-Nov-21,12:49
24-Nov-21,12:48
24-Nov-21,12:48
24-Nov-21,12:45
24-Nov-21,12:44
24-Nov-21,12:39
24-Nov-21,12:39
24-Nov-21,12:32
24-Nov-21,12:32
24-Nov-21,12:29
24-Nov-21,12:29
24-Nov-21,12:29
24-Nov-21,12:26
24-Nov-21,12:23
24-Nov-21,12:19
24-Nov-21,12:19
24-Nov-21,12:18
24-Nov-21,12:18
24-Nov-21,12:12
24-Nov-21,12:11
24-Nov-21,12:11
24-Nov-21,12:10
24-Nov-21,12:08
24-Nov-21,12:07
24-Nov-21,12:04
24-Nov-21,12:02
24-Nov-21,12:02
24-Nov-21,12:02
24-Nov-21,12:01
24-Nov-21,12:01
24-Nov-21,12:00
24-Nov-21,11:59
24-Nov-21,11:54
24-Nov-21,11:53
24-Nov-21,11:50
24-Nov-21,11:50
24-Nov-21,11:49
24-Nov-21,11:48
24-Nov-21,11:48
24-Nov-21,11:47
24-Nov-21,11:47
24-Nov-21,11:46
24-Nov-21,11:46
24-Nov-21,11:46
24-Nov-21,11:45
24-Nov-21,11:45
24-Nov-21,11:43
24-Nov-21,11:37
24-Nov-21,11:35
24-Nov-21,11:35
24-Nov-21,11:34
24-Nov-21,11:33
24-Nov-21,11:33
24-Nov-21,11:31
24-Nov-21,11:30
24-Nov-21,11:30
24-Nov-21,11:29
24-Nov-21,11:28
24-Nov-21,11:28
24-Nov-21,11:28
24-Nov-21,11:27
24-Nov-21,11:26
24-Nov-21,11:25
24-Nov-21,11:24
24-Nov-21,11:22
24-Nov-21,11:21
24-Nov-21,11:18
24-Nov-21,11:16
24-Nov-21,11:14
24-Nov-21,11:13
24-Nov-21,11:13
24-Nov-21,11:11
24-Nov-21,11:11
24-Nov-21,11:08
24-Nov-21,11:03
24-Nov-21,11:01
24-Nov-21,10:59
24-Nov-21,10:54
24-Nov-21,10:53
24-Nov-21,10:51
24-Nov-21,10:48
24-Nov-21,10:46
24-Nov-21,10:45
24-Nov-21,10:44
24-Nov-21,10:44
24-Nov-21,10:44
24-Nov-21,10:44
24-Nov-21,10:43
24-Nov-21,10:43
24-Nov-21,10:42
24-Nov-21,10:40
24-Nov-21,10:39
24-Nov-21,10:37
24-Nov-21,10:33
24-Nov-21,10:31
24-Nov-21,10:30
24-Nov-21,10:27
24-Nov-21,10:24
24-Nov-21,10:23
24-Nov-21,10:22
24-Nov-21,10:21
24-Nov-21,10:21
24-Nov-21,10:19
24-Nov-21,10:18
24-Nov-21,10:18
24-Nov-21,10:15
24-Nov-21,10:15
24-Nov-21,10:14
24-Nov-21,10:13
24-Nov-21,10:13
24-Nov-21,10:13
24-Nov-21,10:12
24-Nov-21,10:11
24-Nov-21,10:10
24-Nov-21,10:09
24-Nov-21,10:05
24-Nov-21,10:05
24-Nov-21,10:04
24-Nov-21,10:01
24-Nov-21,10:01
24-Nov-21,10:01
24-Nov-21,10:00
24-Nov-21,10:00
24-Nov-21,10:00
24-Nov-21,9:59
24-Nov-21,9:56
23-Nov-21,9:56
23-Nov-21,9:55
23-Nov-21,9:53
23-Nov-21,9:50
23-Nov-21,9:47
23-Nov-21,9:47
23-Nov-21,9:45
23-Nov-21,9:42
23-Nov-21,9:42
23-Nov-21,9:41
23-Nov-21,9:37
23-Nov-21,9:36
23-Nov-21,9:36
23-Nov-21,9:36
23-Nov-21,9:35
23-Nov-21,9:35
23-Nov-21,9:33
23-Nov-21,9:30
23-Nov-21,9:29
23-Nov-21,9:29
23-Nov-21,9:28
23-Nov-21,9:28
23-Nov-21,9:27
23-Nov-21,9:24
23-Nov-21,9:22
23-Nov-21,9:22
23-Nov-21,9:20
23-Nov-21,9:19
23-Nov-21,9:17
23-Nov-21,9:16
23-Nov-21,9:14
23-Nov-21,9:12
23-Nov-21,9:10
23-Nov-21,9:09
23-Nov-21,9:08
23-Nov-21,9:08
23-Nov-21,9:05
23-Nov-21,9:05
23-Nov-21,9:04
23-Nov-21,9:03
23-Nov-21,9:03
23-Nov-21,9:01
23-Nov-21,8:59
23-Nov-21,8:58
23-Nov-21,8:57
23-Nov-21,8:53
23-Nov-21,8:53
23-Nov-21,8:51
23-Nov-21,8:50
23-Nov-21,8:49
23-Nov-21,8:48
23-Nov-21,8:47
23-Nov-21,8:47
23-Nov-21,8:47
23-Nov-21,8:46
23-Nov-21,8:44
23-Nov-21,8:44
23-Nov-21,8:44
23-Nov-21,8:40
23-Nov-21,8:40
23-Nov-21,8:39
23-Nov-21,8:39
23-Nov-21,8:38
23-Nov-21,8:38
23-Nov-21,8:38
23-Nov-21,8:38
23-Nov-21,8:37
23-Nov-21,8:37
23-Nov-21,8:37
23-Nov-21,8:37
23-Nov-21,8:37
23-Nov-21,8:36
23-Nov-21,8:34
23-Nov-21,8:33
23-Nov-21,8:31
23-Nov-21,8:28
23-Nov-21,8:28
23-Nov-21,8:27
23-Nov-21,8:26
23-Nov-21,8:25
23-Nov-21,8:23
23-Nov-21,8:22
23-Nov-21,8:22
23-Nov-21,8:21
23-Nov-21,8:19
23-Nov-21,8:18
23-Nov-21,8:18
23-Nov-21,8:16
23-Nov-21,8:15
23-Nov-21,8:13
23-Nov-21,8:12
23-Nov-21,8:11
23-Nov-21,8:09
23-Nov-21,8:09
23-Nov-21,8:09
23-Nov-21,8:08
23-Nov-21,8:08
23-Nov-21,8:06
23-Nov-21,8:06
23-Nov-21,8:06
23-Nov-21,8:05
23-Nov-21,8:04
23-Nov-21,8:04
23-Nov-21,8:02
23-Nov-21,8:02
23-Nov-21,8:01
23-Nov-21,8:01
23-Nov-21,7:59
23-Nov-21,7:59
23-Nov-21,7:58
23-Nov-21,7:58
23-Nov-21,7:56
23-Nov-21,7:56
23-Nov-21,7:55
23-Nov-21,7:55
23-Nov-21,7:53
23-Nov-21,7:52
23-Nov-21,7:51
23-Nov-21,7:50
23-Nov-21,7:49
23-Nov-21,7:48
23-Nov-21,7:47
23-Nov-21,7:47
23-Nov-21,7:46
23-Nov-21,7:46
23-Nov-21,7:44
23-Nov-21,7:42
23-Nov-21,7:41
23-Nov-21,7:40
23-Nov-21,7:39
23-Nov-21,7:37
23-Nov-21,7:36
23-Nov-21,7:35
23-Nov-21,7:34
23-Nov-21,7:33
23-Nov-21,7:32
23-Nov-21,7:32
23-Nov-21,7:31
23-Nov-21,7:29
23-Nov-21,7:28
23-Nov-21,7:28
23-Nov-21,7:27
23-Nov-21,7:26
23-Nov-21,7:25
23-Nov-21,7:25
23-Nov-21,7:21
23-Nov-21,7:19
23-Nov-21,7:19
23-Nov-21,7:17
23-Nov-21,7:16
23-Nov-21,7:15
23-Nov-21,7:14
23-Nov-21,7:14
23-Nov-21,7:13
23-Nov-21,7:12
23-Nov-21,7:10
23-Nov-21,7:08
23-Nov-21,7:08
23-Nov-21,7:04
23-Nov-21,7:03
23-Nov-21,7:02
23-Nov-21,6:59
23-Nov-21,6:59
23-Nov-21,6:58
23-Nov-21,6:56
23-Nov-21,6:56
23-Nov-21,6:54
23-Nov-21,6:54
23-Nov-21,6:54
23-Nov-21,6:53
23-Nov-21,6:53
23-Nov-21,6:52
23-Nov-21,6:52
23-Nov-21,6:52
23-Nov-21,6:49
23-Nov-21,6:46
23-Nov-21,6:44
23-Nov-21,6:43
23-Nov-21,6:43
23-Nov-21,6:42
23-Nov-21,6:41
23-Nov-21,6:40
23-Nov-21,6:39
23-Nov-21,6:37
23-Nov-21,6:37
23-Nov-21,6:37
23-Nov-21,6:34
23-Nov-21,6:33
23-Nov-21,6:33
23-Nov-21,6:32
23-Nov-21,6:32
23-Nov-21,6:30
23-Nov-21,6:28
23-Nov-21,6:28
23-Nov-21,6:27
23-Nov-21,6:24
23-Nov-21,6:22
23-Nov-21,6:20
23-Nov-21,6:18
23-Nov-21,6:15
23-Nov-21,6:13
23-Nov-21,6:11
23-Nov-21,6:10
23-Nov-21,6:10
23-Nov-21,6:10
23-Nov-21,6:09
23-Nov-21,6:08
23-Nov-21,6:07
23-Nov-21,6:04
23-Nov-21,6:04
23-Nov-21,6:04
23-Nov-21,6:00
23-Nov-21,5:59
23-Nov-21,5:59
23-Nov-21,5:58
23-Nov-21,5:58
23-Nov-21,5:58
23-Nov-21,5:57
23-Nov-21,5:55
23-Nov-21,5:54
23-Nov-21,5:53
23-Nov-21,5:53
23-Nov-21,5:52
23-Nov-21,5:51
23-Nov-21,5:49
23-Nov-21,5:49
23-Nov-21,5:47
23-Nov-21,5:46
23-Nov-21,5:43
23-Nov-21,5:41
23-Nov-21,5:41
23-Nov-21,5:41
23-Nov-21,5:40
23-Nov-21,5:39
23-Nov-21,5:39
23-Nov-21,5:36
23-Nov-21,5:36
23-Nov-21,5:35
23-Nov-21,5:35
23-Nov-21,5:30
23-Nov-21,5:29
23-Nov-21,5:28
23-Nov-21,5:27
23-Nov-21,5:25
23-Nov-21,5:24
23-Nov-21,5:23
23-Nov-21,5:23
23-Nov-21,5:23
23-Nov-21,5:21
23-Nov-21,5:20
23-Nov-21,5:18
23-Nov-21,5:18
23-Nov-21,5:16
23-Nov-21,5:15
23-Nov-21,5:15
23-Nov-21,5:11
23-Nov-21,5:10
23-Nov-21,5:10
23-Nov-21,5:07
23-Nov-21,5:07
23-Nov-21,5:03
23-Nov-21,5:01
23-Nov-21,4:52
23-Nov-21,4:48
23-Nov-21,4:42
23-Nov-21,4:11
23-Nov-21,4:07
23-Nov-21,4:07
23-Nov-21,3:35
23-Nov-21,2:53
23-Nov-21,2:52
23-Nov-21,2:39
23-Nov-21,2:14
23-Nov-21,2:12
23-Nov-21,1:59
23-Nov-21,1:58
23-Nov-21,1:54
23-Nov-21,1:33
23-Nov-21,0:17
23-Nov-21,0:13
23-Nov-21,0:02
23-Nov-21,23:18
23-Nov-21,22:31
23-Nov-21,21:45
23-Nov-21,21:42
23-Nov-21,21:13
23-Nov-21,20:11
23-Nov-21,16:47
23-Nov-21,16:43
23-Nov-21,16:14
23-Nov-21,16:13
23-Nov-21,16:13
23-Nov-21,16:13
23-Nov-21,16:13
23-Nov-21,16:13
23-Nov-21,16:13
23-Nov-21,15:17
23-Nov-21,14:54
23-Nov-21,14:52
23-Nov-21,14:43
23-Nov-21,14:35
23-Nov-21,14:22
23-Nov-21,14:21
23-Nov-21,14:14
23-Nov-21,14:14
23-Nov-21,13:56
23-Nov-21,13:43
23-Nov-21,13:43
23-Nov-21,13:13
23-Nov-21,13:11
23-Nov-21,13:02
23-Nov-21,13:02
23-Nov-21,12:41
23-Nov-21,12:33
23-Nov-21,11:55
23-Nov-21,11:54
23-Nov-21,11:51
23-Nov-21,11:48
23-Nov-21,11:25
23-Nov-21,10:53
23-Nov-21,10:45
23-Nov-21,10:18
23-Nov-21,10:15
23-Nov-21,10:03
23-Nov-21,9:52
23-Nov-21,9:34
23-Nov-21,9:26
23-Nov-21,9:18
23-Nov-21,9:06
23-Nov-21,9:06
23-Nov-21,9:06
23-Nov-21,8:56
23-Nov-21,8:04
23-Nov-21,7:18
23-Nov-21,7:16
23-Nov-21,6:29
23-Nov-21,5:23
23-Nov-21,5:15
23-Nov-21,4:51
23-Nov-21,4:48
23-Nov-21,4:36
23-Nov-21,4:35
23-Nov-21,4:24
23-Nov-21,4:22
23-Nov-21,3:30
23-Nov-21,3:23
23-Nov-21,2:48
23-Nov-21,2:22
23-Nov-21,2:22
23-Nov-21,2:02
23-Nov-21,1:53
23-Nov-21,1:32
23-Nov-21,0:22
23-Nov-21,0:21
23-Nov-21,0:20
23-Nov-21,0:16
23-Nov-21,0:11
23-Nov-21,0:00
23-Nov-21,23:23
23-Nov-21,23:18
23-Nov-21,23:16
23-Nov-21,23:16
23-Nov-21,20:54
23-Nov-21,19:30
23-Nov-21,18:12
23-Nov-21,17:33
23-Nov-21,17:13
23-Nov-21,17:08
23-Nov-21,16:43
23-Nov-21,16:42
23-Nov-21,16:42
23-Nov-21,16:38
23-Nov-21,16:33
23-Nov-21,16:31
23-Nov-21,15:37
23-Nov-21,15:32
23-Nov-21,15:32
23-Nov-21,15:15
23-Nov-21,15:07
23-Nov-21,14:58
23-Nov-21,14:52
23-Nov-21,14:51
23-Nov-21,14:47
23-Nov-21,14:46
23-Nov-21,14:43
23-Nov-21,14:43
23-Nov-21,14:39
23-Nov-21,14:10
23-Nov-21,14:09
23-Nov-21,14:02
23-Nov-21,13:59
23-Nov-21,13:56
23-Nov-21,13:55
23-Nov-21,13:43
23-Nov-21,12:59
23-Nov-21,12:57
23-Nov-21,12:48
23-Nov-21,12:34
23-Nov-21,12:24
23-Nov-21,12:23
23-Nov-21,12:22
23-Nov-21,12:09
23-Nov-21,12:09
23-Nov-21,12:03
23-Nov-21,11:42
23-Nov-21,11:39
23-Nov-21,11:32
23-Nov-21,11:25
23-Nov-21,11:20
23-Nov-21,10:52
23-Nov-21,10:52
23-Nov-21,10:51
23-Nov-21,10:44
23-Nov-21,10:41
23-Nov-21,10:39
23-Nov-21,10:29
23-Nov-21,10:27
23-Nov-21,10:18
23-Nov-21,10:18
23-Nov-21,10:18
23-Nov-21,10:09
23-Nov-21,9:51
23-Nov-21,9:51
23-Nov-21,9:46
23-Nov-21,9:41
23-Nov-21,9:37
23-Nov-21,9:10
23-Nov-21,9:10
23-Nov-21,9:05
23-Nov-21,9:04
23-Nov-21,9:03
23-Nov-21,8:58
23-Nov-21,8:57
23-Nov-21,8:50
23-Nov-21,8:50
23-Nov-21,8:49
23-Nov-21,8:48
23-Nov-21,8:44
23-Nov-21,8:28
23-Nov-21,8:28
23-Nov-21,8:25
23-Nov-21,8:24
23-Nov-21,8:20
23-Nov-21,8:17
23-Nov-21,8:14
23-Nov-21,8:07
23-Nov-21,8:04
23-Nov-21,8:04
23-Nov-21,8:01
23-Nov-21,7:47
23-Nov-21,7:43
23-Nov-21,7:22
23-Nov-21,7:21
23-Nov-21,7:14
23-Nov-21,7:08
23-Nov-21,6:58
23-Nov-21,6:55
23-Nov-21,6:52
23-Nov-21,6:50
23-Nov-21,6:39
23-Nov-21,6:34
23-Nov-21,6:31
23-Nov-21,6:18
23-Nov-21,6:18
23-Nov-21,6:15
23-Nov-21,6:14
23-Nov-21,6:12
23-Nov-21,6:11
23-Nov-21,6:11
23-Nov-21,6:11
23-Nov-21,6:01
23-Nov-21,5:59
23-Nov-21,5:57
23-Nov-21,5:57
23-Nov-21,5:56
23-Nov-21,5:54
23-Nov-21,5:54
23-Nov-21,5:49
23-Nov-21,5:48
23-Nov-21,5:44
23-Nov-21,5:44
23-Nov-21,5:29
23-Nov-21,5:28
23-Nov-21,5:28
23-Nov-21,5:27
23-Nov-21,5:26
23-Nov-21,5:24
23-Nov-21,5:23
23-Nov-21,5:21
23-Nov-21,5:20
23-Nov-21,5:13
23-Nov-21,5:10
23-Nov-21,5:06
23-Nov-21,5:05
23-Nov-21,5:05
23-Nov-21,5:01
23-Nov-21,4:58
23-Nov-21,4:58
23-Nov-21,4:58
23-Nov-21,4:57
23-Nov-21,4:54
23-Nov-21,4:53
23-Nov-21,4:53
23-Nov-21,4:44
23-Nov-21,4:43
23-Nov-21,4:42
23-Nov-21,4:38
23-Nov-21,4:38
23-Nov-21,4:37
23-Nov-21,4:37
23-Nov-21,4:25
23-Nov-21,4:21
23-Nov-21,4:17
23-Nov-21,4:17
23-Nov-21,4:13
23-Nov-21,4:10
23-Nov-21,4:08
23-Nov-21,3:59
23-Nov-21,3:57
23-Nov-21,3:56
23-Nov-21,3:54
23-Nov-21,3:50
23-Nov-21,3:48
23-Nov-21,3:46
23-Nov-21,3:46
23-Nov-21,3:44
23-Nov-21,3:41
23-Nov-21,3:35
23-Nov-21,3:33
23-Nov-21,3:33
23-Nov-21,3:29
23-Nov-21,3:29
23-Nov-21,3:25
23-Nov-21,3:24
23-Nov-21,3:19
23-Nov-21,3:06
23-Nov-21,3:06
23-Nov-21,3:06
23-Nov-21,3:05
23-Nov-21,3:05
23-Nov-21,3:04
23-Nov-21,3:02
23-Nov-21,3:00
23-Nov-21,2:58
23-Nov-21,2:51
23-Nov-21,2:49
23-Nov-21,2:46
23-Nov-21,2:45
23-Nov-21,2:43
23-Nov-21,2:43
23-Nov-21,2:41
23-Nov-21,2:36
23-Nov-21,2:36
23-Nov-21,2:32
23-Nov-21,2:32
23-Nov-21,2:29
23-Nov-21,2:28
23-Nov-21,2:27
23-Nov-21,2:27
23-Nov-21,2:26
23-Nov-21,2:26
23-Nov-21,2:22
23-Nov-21,2:20
23-Nov-21,2:20
23-Nov-21,2:19
23-Nov-21,2:17
23-Nov-21,2:17
23-Nov-21,2:16
23-Nov-21,2:14
23-Nov-21,2:10
23-Nov-21,2:10
23-Nov-21,2:10
23-Nov-21,2:07
23-Nov-21,2:05
23-Nov-21,2:05
23-Nov-21,1:59
23-Nov-21,1:56
23-Nov-21,1:55
23-Nov-21,1:53
23-Nov-21,1:49
23-Nov-21,1:48
23-Nov-21,1:47
23-Nov-21,1:46
23-Nov-21,1:46
23-Nov-21,1:45
23-Nov-21,1:42
23-Nov-21,1:39
23-Nov-21,1:38
23-Nov-21,1:36
23-Nov-21,1:33
23-Nov-21,1:31
23-Nov-21,1:31
23-Nov-21,1:30
23-Nov-21,1:29
23-Nov-21,1:28
23-Nov-21,1:26
23-Nov-21,1:26
23-Nov-21,1:23
23-Nov-21,1:22
23-Nov-21,1:20
23-Nov-21,1:19
23-Nov-21,1:16
23-Nov-21,1:16
23-Nov-21,1:14
23-Nov-21,1:12
23-Nov-21,1:12
23-Nov-21,1:10
23-Nov-21,1:09
23-Nov-21,1:05
23-Nov-21,1:04
23-Nov-21,1:04
23-Nov-21,1:04
23-Nov-21,1:01
23-Nov-21,1:00
23-Nov-21,0:59
23-Nov-21,0:59
23-Nov-21,0:55
23-Nov-21,0:55
23-Nov-21,0:55
23-Nov-21,0:54
23-Nov-21,0:53
23-Nov-21,0:51
23-Nov-21,0:51
23-Nov-21,0:47
23-Nov-21,0:46
23-Nov-21,0:46
23-Nov-21,0:46
23-Nov-21,0:45
23-Nov-21,0:45
23-Nov-21,0:39
23-Nov-21,0:39
23-Nov-21,0:39
23-Nov-21,0:38
23-Nov-21,0:38
23-Nov-21,0:33
23-Nov-21,0:32
23-Nov-21,0:31
23-Nov-21,0:29
23-Nov-21,0:28
23-Nov-21,0:23
23-Nov-21,0:21
23-Nov-21,0:20
23-Nov-21,0:18
23-Nov-21,0:17
23-Nov-21,0:14
23-Nov-21,0:12
23-Nov-21,0:09
23-Nov-21,0:08
23-Nov-21,0:04
23-Nov-21,0:02
23-Nov-21,0:02
23-Nov-21,0:00
23-Nov-21,23:59
23-Nov-21,23:51
23-Nov-21,23:51
23-Nov-21,23:49
23-Nov-21,23:49
23-Nov-21,23:48
23-Nov-21,23:46
23-Nov-21,23:45
23-Nov-21,23:44
23-Nov-21,23:44
23-Nov-21,23:43
23-Nov-21,23:37
23-Nov-21,23:35
23-Nov-21,23:33
23-Nov-21,23:32
23-Nov-21,23:26
23-Nov-21,23:26
23-Nov-21,23:25
23-Nov-21,23:24
23-Nov-21,23:22
23-Nov-21,23:20
23-Nov-21,23:20
23-Nov-21,23:20
23-Nov-21,23:19
23-Nov-21,23:14
23-Nov-21,23:14
23-Nov-21,23:01
23-Nov-21,23:00
23-Nov-21,22:56
23-Nov-21,22:55
23-Nov-21,22:52
23-Nov-21,22:52
23-Nov-21,22:50
23-Nov-21,22:46
23-Nov-21,22:42
23-Nov-21,22:42
23-Nov-21,22:40
23-Nov-21,22:40
23-Nov-21,22:39
23-Nov-21,22:35
23-Nov-21,22:32
23-Nov-21,22:32
23-Nov-21,22:30
23-Nov-21,22:30
23-Nov-21,22:30
23-Nov-21,22:29
23-Nov-21,22:21
23-Nov-21,22:21
23-Nov-21,22:18
23-Nov-21,22:17
23-Nov-21,22:16
23-Nov-21,22:16
23-Nov-21,22:13
23-Nov-21,22:12
23-Nov-21,22:08
23-Nov-21,22:06
23-Nov-21,22:06
23-Nov-21,22:06
23-Nov-21,22:04
23-Nov-21,22:02
23-Nov-21,22:02
23-Nov-21,22:00
23-Nov-21,21:57
23-Nov-21,21:56
23-Nov-21,21:53
23-Nov-21,21:48
23-Nov-21,21:45
23-Nov-21,21:43
23-Nov-21,21:41
23-Nov-21,21:40
23-Nov-21,21:39
23-Nov-21,21:37
23-Nov-21,21:24
23-Nov-21,21:16
23-Nov-21,21:07
23-Nov-21,21:05
23-Nov-21,20:58
23-Nov-21,20:56
23-Nov-21,20:55
23-Nov-21,20:53
23-Nov-21,20:48
23-Nov-21,20:43
23-Nov-21,20:39
23-Nov-21,20:39
23-Nov-21,20:36
23-Nov-21,20:30
23-Nov-21,20:30
23-Nov-21,20:27
23-Nov-21,20:10
23-Nov-21,19:53
23-Nov-21,19:53
23-Nov-21,19:45
23-Nov-21,19:42
23-Nov-21,19:38
23-Nov-21,19:25
23-Nov-21,19:23
23-Nov-21,19:20
23-Nov-21,19:19
23-Nov-21,19:18
23-Nov-21,19:18
23-Nov-21,19:14
23-Nov-21,19:13
23-Nov-21,19:13
23-Nov-21,19:11
23-Nov-21,19:07
23-Nov-21,18:59
23-Nov-21,18:56
23-Nov-21,18:50
23-Nov-21,18:49
23-Nov-21,18:48
23-Nov-21,18:45
23-Nov-21,18:44
23-Nov-21,18:44
23-Nov-21,18:42
23-Nov-21,18:41
23-Nov-21,18:37
23-Nov-21,18:35
23-Nov-21,18:35
23-Nov-21,18:34
23-Nov-21,18:34
23-Nov-21,18:33
23-Nov-21,18:29
23-Nov-21,18:27
23-Nov-21,18:25
23-Nov-21,18:22
23-Nov-21,18:21
23-Nov-21,18:20
23-Nov-21,18:17
23-Nov-21,18:15
23-Nov-21,18:14
23-Nov-21,18:12
23-Nov-21,18:11
23-Nov-21,18:09
23-Nov-21,18:07
23-Nov-21,18:05
23-Nov-21,18:04
23-Nov-21,18:04
23-Nov-21,18:01
23-Nov-21,18:00
23-Nov-21,18:00
23-Nov-21,17:59
23-Nov-21,17:57
23-Nov-21,17:56
23-Nov-21,17:56
23-Nov-21,17:56
23-Nov-21,17:55
23-Nov-21,17:55
23-Nov-21,17:54
23-Nov-21,17:53
23-Nov-21,17:51
23-Nov-21,17:46
23-Nov-21,17:46
23-Nov-21,17:45
23-Nov-21,17:39
23-Nov-21,17:38
23-Nov-21,17:36
23-Nov-21,17:36
23-Nov-21,17:36
23-Nov-21,17:35
23-Nov-21,17:35
23-Nov-21,17:35
23-Nov-21,17:34
23-Nov-21,17:34
23-Nov-21,17:32
23-Nov-21,17:32
23-Nov-21,17:32
23-Nov-21,17:31
23-Nov-21,17:31
23-Nov-21,17:30
23-Nov-21,17:28
23-Nov-21,17:27
23-Nov-21,17:23
23-Nov-21,17:22
23-Nov-21,17:22
23-Nov-21,17:20
23-Nov-21,17:19
23-Nov-21,17:19
23-Nov-21,17:18
23-Nov-21,17:18
23-Nov-21,17:17
23-Nov-21,17:16
23-Nov-21,17:16
23-Nov-21,17:15
23-Nov-21,17:15
23-Nov-21,17:14
23-Nov-21,17:14
23-Nov-21,17:13
23-Nov-21,17:12
23-Nov-21,17:12
23-Nov-21,17:12
23-Nov-21,17:11
23-Nov-21,17:11
23-Nov-21,17:11
23-Nov-21,17:08
23-Nov-21,17:07
23-Nov-21,17:07
23-Nov-21,17:06
23-Nov-21,17:05
23-Nov-21,17:03
23-Nov-21,17:03
23-Nov-21,17:03
23-Nov-21,17:02
23-Nov-21,17:02
23-Nov-21,17:00
23-Nov-21,17:00
23-Nov-21,16:59
23-Nov-21,16:59
23-Nov-21,16:56
23-Nov-21,16:56
23-Nov-21,16:55
23-Nov-21,16:55
23-Nov-21,16:49
23-Nov-21,16:49
23-Nov-21,16:48
23-Nov-21,16:47
23-Nov-21,16:46
23-Nov-21,16:45
23-Nov-21,16:43
23-Nov-21,16:43
23-Nov-21,16:40
23-Nov-21,16:37
23-Nov-21,16:33
23-Nov-21,16:33
23-Nov-21,16:31
23-Nov-21,16:30
23-Nov-21,16:24
23-Nov-21,16:23
23-Nov-21,16:22
23-Nov-21,16:20
23-Nov-21,16:19
23-Nov-21,16:15
23-Nov-21,16:13
23-Nov-21,16:12
23-Nov-21,16:11
23-Nov-21,16:11
23-Nov-21,16:10
23-Nov-21,16:10
23-Nov-21,16:08
23-Nov-21,16:06
23-Nov-21,16:04
23-Nov-21,16:03
23-Nov-21,16:03
23-Nov-21,16:02
23-Nov-21,16:01
23-Nov-21,16:00
23-Nov-21,15:59
23-Nov-21,15:58
23-Nov-21,15:57
23-Nov-21,15:52
23-Nov-21,15:51
23-Nov-21,15:50
23-Nov-21,15:50
23-Nov-21,15:47
23-Nov-21,15:47
23-Nov-21,15:40
23-Nov-21,15:40
23-Nov-21,15:39
23-Nov-21,15:36
23-Nov-21,15:35
23-Nov-21,15:34
23-Nov-21,15:30
23-Nov-21,15:26
23-Nov-21,15:26
23-Nov-21,15:25
23-Nov-21,15:25
23-Nov-21,15:23
23-Nov-21,15:19
23-Nov-21,15:15
23-Nov-21,15:15
23-Nov-21,15:15
23-Nov-21,15:14
23-Nov-21,15:14
23-Nov-21,15:10
23-Nov-21,15:10
23-Nov-21,15:08
23-Nov-21,15:08
23-Nov-21,15:04
23-Nov-21,15:04
23-Nov-21,15:02
23-Nov-21,15:02
23-Nov-21,15:01
23-Nov-21,15:00
23-Nov-21,15:00
23-Nov-21,14:56
23-Nov-21,14:56
23-Nov-21,14:56
23-Nov-21,14:56
23-Nov-21,14:56
23-Nov-21,14:55
23-Nov-21,14:54
23-Nov-21,14:52
23-Nov-21,14:51
23-Nov-21,14:50
23-Nov-21,14:50
23-Nov-21,14:48
23-Nov-21,14:48
23-Nov-21,14:46
23-Nov-21,14:45
23-Nov-21,14:44
23-Nov-21,14:44
23-Nov-21,14:43
23-Nov-21,14:42
23-Nov-21,14:39
23-Nov-21,14:38
23-Nov-21,14:37
23-Nov-21,14:37
23-Nov-21,14:36
23-Nov-21,14:36
23-Nov-21,14:35
23-Nov-21,14:35
23-Nov-21,14:34
23-Nov-21,14:33
23-Nov-21,14:33
23-Nov-21,14:32
23-Nov-21,14:31
23-Nov-21,14:31
23-Nov-21,14:30
23-Nov-21,14:30
23-Nov-21,14:29
23-Nov-21,14:28
23-Nov-21,14:27
23-Nov-21,14:26
23-Nov-21,14:26
23-Nov-21,14:25
23-Nov-21,14:24
23-Nov-21,14:24
23-Nov-21,14:22
23-Nov-21,14:22
23-Nov-21,14:21
23-Nov-21,14:21
23-Nov-21,14:20
23-Nov-21,14:19
23-Nov-21,14:18
23-Nov-21,14:18
23-Nov-21,14:17
23-Nov-21,14:17
23-Nov-21,14:17
23-Nov-21,14:17
23-Nov-21,14:14
23-Nov-21,14:14
23-Nov-21,14:13
23-Nov-21,14:12
23-Nov-21,14:08
23-Nov-21,14:08
23-Nov-21,14:07
23-Nov-21,14:07
23-Nov-21,14:06
23-Nov-21,14:06
23-Nov-21,14:06
23-Nov-21,14:04
23-Nov-21,14:04
23-Nov-21,14:04
23-Nov-21,14:04
23-Nov-21,14:04
23-Nov-21,14:03
23-Nov-21,14:03
23-Nov-21,14:01
23-Nov-21,14:00
23-Nov-21,14:00
23-Nov-21,14:00
23-Nov-21,14:00
23-Nov-21,13:58
23-Nov-21,13:58
23-Nov-21,13:54
23-Nov-21,13:53
23-Nov-21,13:52
23-Nov-21,13:51
23-Nov-21,13:50
23-Nov-21,13:50
23-Nov-21,13:49
23-Nov-21,13:49
23-Nov-21,13:48
23-Nov-21,13:47
23-Nov-21,13:47
23-Nov-21,13:46
23-Nov-21,13:46
23-Nov-21,13:46
23-Nov-21,13:46
23-Nov-21,13:45
23-Nov-21,13:45
23-Nov-21,13:44
23-Nov-21,13:44
23-Nov-21,13:43
23-Nov-21,13:43
23-Nov-21,13:43
23-Nov-21,13:41
23-Nov-21,13:39
23-Nov-21,13:38
23-Nov-21,13:37
23-Nov-21,13:34
23-Nov-21,13:33
23-Nov-21,13:33
23-Nov-21,13:33
23-Nov-21,13:32
23-Nov-21,13:31
23-Nov-21,13:30
23-Nov-21,13:30
23-Nov-21,13:30
23-Nov-21,13:30
23-Nov-21,13:30
23-Nov-21,13:29
23-Nov-21,13:29
23-Nov-21,13:27
23-Nov-21,13:26
23-Nov-21,13:26
23-Nov-21,13:23
23-Nov-21,13:22
23-Nov-21,13:21
23-Nov-21,13:20
23-Nov-21,13:20
23-Nov-21,13:19
23-Nov-21,13:19
23-Nov-21,13:18
23-Nov-21,13:17
23-Nov-21,13:17
23-Nov-21,13:16
23-Nov-21,13:15
23-Nov-21,13:15
23-Nov-21,13:15
23-Nov-21,13:14
23-Nov-21,13:14
23-Nov-21,13:12
23-Nov-21,13:12
23-Nov-21,13:11
23-Nov-21,13:10
23-Nov-21,13:09
23-Nov-21,13:08
23-Nov-21,13:06
23-Nov-21,13:05
23-Nov-21,13:04
23-Nov-21,13:03
23-Nov-21,13:03
23-Nov-21,13:00
23-Nov-21,12:59
23-Nov-21,12:59
23-Nov-21,12:57
23-Nov-21,12:57
23-Nov-21,12:57
23-Nov-21,12:56
23-Nov-21,12:56
23-Nov-21,12:55
23-Nov-21,12:55
23-Nov-21,12:55
23-Nov-21,12:55
23-Nov-21,12:54
23-Nov-21,12:54
23-Nov-21,12:53
23-Nov-21,12:53
23-Nov-21,12:52
23-Nov-21,12:51
23-Nov-21,12:50
23-Nov-21,12:50
23-Nov-21,12:49
23-Nov-21,12:48
23-Nov-21,12:48
23-Nov-21,12:47
23-Nov-21,12:46
23-Nov-21,12:46
23-Nov-21,12:46
23-Nov-21,12:45
23-Nov-21,12:45
23-Nov-21,12:44
23-Nov-21,12:44
23-Nov-21,12:44
23-Nov-21,12:40
23-Nov-21,12:40
23-Nov-21,12:39
23-Nov-21,12:37
23-Nov-21,12:37
23-Nov-21,12:37
23-Nov-21,12:37
23-Nov-21,12:36
23-Nov-21,12:36
23-Nov-21,12:36
23-Nov-21,12:35
23-Nov-21,12:35
23-Nov-21,12:34
23-Nov-21,12:34
23-Nov-21,12:33
23-Nov-21,12:33
23-Nov-21,12:32
23-Nov-21,12:32
23-Nov-21,12:31
23-Nov-21,12:30
23-Nov-21,12:29
23-Nov-21,12:26
23-Nov-21,12:25
23-Nov-21,12:24
23-Nov-21,12:24
23-Nov-21,12:23
23-Nov-21,12:22
23-Nov-21,12:22
23-Nov-21,12:21
23-Nov-21,12:21
23-Nov-21,12:21
23-Nov-21,12:21
23-Nov-21,12:20
23-Nov-21,12:19
23-Nov-21,12:19
23-Nov-21,12:19
23-Nov-21,12:18
23-Nov-21,12:18
23-Nov-21,12:18
23-Nov-21,12:16
23-Nov-21,12:16
23-Nov-21,12:15
23-Nov-21,12:14
23-Nov-21,12:14
23-Nov-21,12:13
23-Nov-21,12:13
23-Nov-21,12:12
23-Nov-21,12:11
23-Nov-21,12:11
23-Nov-21,12:11
23-Nov-21,12:11
23-Nov-21,12:09
23-Nov-21,12:08
23-Nov-21,12:08
23-Nov-21,12:07
23-Nov-21,12:07
23-Nov-21,12:06
23-Nov-21,12:05
23-Nov-21,12:05
23-Nov-21,12:03
23-Nov-21,12:03
23-Nov-21,12:01
23-Nov-21,12:01
23-Nov-21,12:01
23-Nov-21,12:00
23-Nov-21,12:00
23-Nov-21,12:00
23-Nov-21,12:00
23-Nov-21,11:59
23-Nov-21,11:59
23-Nov-21,11:58
23-Nov-21,11:57
23-Nov-21,11:57
23-Nov-21,11:56
23-Nov-21,11:56
23-Nov-21,11:56
23-Nov-21,11:55
23-Nov-21,11:54
23-Nov-21,11:53
23-Nov-21,11:53
23-Nov-21,11:51
23-Nov-21,11:51
23-Nov-21,11:51
23-Nov-21,11:50
23-Nov-21,11:49
23-Nov-21,11:47
23-Nov-21,11:47
23-Nov-21,11:47
23-Nov-21,11:47
23-Nov-21,11:45
23-Nov-21,11:44
23-Nov-21,11:44
23-Nov-21,11:44
23-Nov-21,11:44
23-Nov-21,11:43
23-Nov-21,11:42
23-Nov-21,11:42
23-Nov-21,11:42
23-Nov-21,11:41
23-Nov-21,11:41
23-Nov-21,11:41
23-Nov-21,11:41
23-Nov-21,11:40
23-Nov-21,11:39
23-Nov-21,11:39
23-Nov-21,11:37
23-Nov-21,11:35
23-Nov-21,11:35
23-Nov-21,11:34
23-Nov-21,11:34
23-Nov-21,11:33
23-Nov-21,11:33
23-Nov-21,11:32
23-Nov-21,11:32
23-Nov-21,11:31
23-Nov-21,11:31
23-Nov-21,11:30
23-Nov-21,11:30
23-Nov-21,11:30
23-Nov-21,11:30
23-Nov-21,11:30
23-Nov-21,11:29
23-Nov-21,11:27
23-Nov-21,11:26
23-Nov-21,11:26
23-Nov-21,11:26
23-Nov-21,11:25
23-Nov-21,11:24
23-Nov-21,11:24
23-Nov-21,11:24
23-Nov-21,11:22
23-Nov-21,11:22
23-Nov-21,11:21
23-Nov-21,11:21
23-Nov-21,11:21
23-Nov-21,11:20
23-Nov-21,11:19
23-Nov-21,11:19
23-Nov-21,11:18
23-Nov-21,11:18
23-Nov-21,11:17
23-Nov-21,11:17
23-Nov-21,11:17
23-Nov-21,11:15
23-Nov-21,11:14
23-Nov-21,11:14
23-Nov-21,11:14
23-Nov-21,11:13
23-Nov-21,11:13
23-Nov-21,11:13
23-Nov-21,11:12
23-Nov-21,11:12
23-Nov-21,11:12
23-Nov-21,11:11
23-Nov-21,11:10
23-Nov-21,11:10
23-Nov-21,11:10
23-Nov-21,11:08
23-Nov-21,11:08
23-Nov-21,11:06
23-Nov-21,11:06
23-Nov-21,11:05
23-Nov-21,11:05
23-Nov-21,11:04
23-Nov-21,11:03
23-Nov-21,11:03
23-Nov-21,11:03
23-Nov-21,11:02
23-Nov-21,11:02
23-Nov-21,11:02
23-Nov-21,11:02
23-Nov-21,11:02
23-Nov-21,11:01
23-Nov-21,11:01
23-Nov-21,11:01
23-Nov-21,11:00
23-Nov-21,11:00
23-Nov-21,10:59
23-Nov-21,10:59
23-Nov-21,10:59
23-Nov-21,10:57
23-Nov-21,10:57
23-Nov-21,10:57
23-Nov-21,10:56
23-Nov-21,10:56
23-Nov-21,10:56
23-Nov-21,10:56
23-Nov-21,10:55
23-Nov-21,10:55
23-Nov-21,10:54
23-Nov-21,10:54
23-Nov-21,10:53
23-Nov-21,10:53
23-Nov-21,10:53
23-Nov-21,10:52
23-Nov-21,10:52
23-Nov-21,10:51
23-Nov-21,10:51
23-Nov-21,10:50
23-Nov-21,10:49
23-Nov-21,10:49
23-Nov-21,10:49
23-Nov-21,10:49
23-Nov-21,10:49
23-Nov-21,10:48
23-Nov-21,10:48
23-Nov-21,10:47
23-Nov-21,10:47
23-Nov-21,10:46
23-Nov-21,10:45
23-Nov-21,10:45
23-Nov-21,10:45
23-Nov-21,10:45
23-Nov-21,10:44
23-Nov-21,10:44
23-Nov-21,10:43
23-Nov-21,10:43
23-Nov-21,10:43
23-Nov-21,10:43
23-Nov-21,10:43
23-Nov-21,10:41
23-Nov-21,10:40
23-Nov-21,10:40
23-Nov-21,10:38
23-Nov-21,10:38
23-Nov-21,10:38
23-Nov-21,10:38
23-Nov-21,10:38
23-Nov-21,10:37
23-Nov-21,10:37
23-Nov-21,10:37
23-Nov-21,10:37
23-Nov-21,10:35
23-Nov-21,10:35
23-Nov-21,10:34
23-Nov-21,10:33
23-Nov-21,10:32
23-Nov-21,10:32
23-Nov-21,10:32
23-Nov-21,10:32
23-Nov-21,10:30
23-Nov-21,10:30
23-Nov-21,10:29
23-Nov-21,10:29
23-Nov-21,10:29
23-Nov-21,10:28
23-Nov-21,10:28
23-Nov-21,10:28
23-Nov-21,10:27
23-Nov-21,10:27
23-Nov-21,10:26
23-Nov-21,10:25
23-Nov-21,10:25
23-Nov-21,10:24
23-Nov-21,10:23
23-Nov-21,10:22
23-Nov-21,10:21
23-Nov-21,10:20
23-Nov-21,10:19
23-Nov-21,10:18
23-Nov-21,10:18
23-Nov-21,10:18
23-Nov-21,10:17
23-Nov-21,10:17
23-Nov-21,10:17
23-Nov-21,10:16
23-Nov-21,10:16
23-Nov-21,10:15
23-Nov-21,10:15
23-Nov-21,10:14
23-Nov-21,10:13
23-Nov-21,10:13
23-Nov-21,10:12
23-Nov-21,10:12
23-Nov-21,10:11
23-Nov-21,10:10
23-Nov-21,10:09
23-Nov-21,10:08
23-Nov-21,10:07
23-Nov-21,10:06
23-Nov-21,10:06
23-Nov-21,10:05
23-Nov-21,10:05
23-Nov-21,10:03
23-Nov-21,10:03
23-Nov-21,10:03
23-Nov-21,10:02
23-Nov-21,10:02
23-Nov-21,10:01
23-Nov-21,10:00
23-Nov-21,10:00
23-Nov-21,9:59
23-Nov-21,9:59
23-Nov-21,9:59
23-Nov-21,9:58
23-Nov-21,9:57
23-Nov-21,9:56
23-Nov-21,9:55
23-Nov-21,9:54
23-Nov-21,9:54
23-Nov-21,9:53
23-Nov-21,9:53
23-Nov-21,9:52
23-Nov-21,9:52
23-Nov-21,9:51
23-Nov-21,9:51
23-Nov-21,9:51
23-Nov-21,9:51
23-Nov-21,9:50
23-Nov-21,9:49
23-Nov-21,9:49
23-Nov-21,9:49
23-Nov-21,9:48
23-Nov-21,9:48
23-Nov-21,9:48
23-Nov-21,9:47
23-Nov-21,9:47
23-Nov-21,9:47
23-Nov-21,9:47
23-Nov-21,9:46
23-Nov-21,9:46
23-Nov-21,9:46
23-Nov-21,9:46
23-Nov-21,9:45
23-Nov-21,9:43
23-Nov-21,9:43
23-Nov-21,9:42
23-Nov-21,9:42
23-Nov-21,9:42
23-Nov-21,9:42
23-Nov-21,9:41
23-Nov-21,9:41
23-Nov-21,9:40
23-Nov-21,9:40
23-Nov-21,9:40
23-Nov-21,9:40
23-Nov-21,9:39
23-Nov-21,9:39
23-Nov-21,9:38
23-Nov-21,9:38
23-Nov-21,9:37
23-Nov-21,9:34
23-Nov-21,9:34
23-Nov-21,9:34
23-Nov-21,9:34
23-Nov-21,9:33
23-Nov-21,9:33
23-Nov-21,9:33
23-Nov-21,9:33
23-Nov-21,9:33
23-Nov-21,9:32
23-Nov-21,9:32
23-Nov-21,9:32
23-Nov-21,9:32
23-Nov-21,9:31
23-Nov-21,9:30
23-Nov-21,9:29
23-Nov-21,9:28
23-Nov-21,9:27
23-Nov-21,9:26
23-Nov-21,9:26
23-Nov-21,9:25
23-Nov-21,9:25
23-Nov-21,9:25
23-Nov-21,9:24
23-Nov-21,9:24
23-Nov-21,9:23
23-Nov-21,9:23
23-Nov-21,9:22
23-Nov-21,9:22
23-Nov-21,9:22
23-Nov-21,9:21
23-Nov-21,9:20
23-Nov-21,9:20
23-Nov-21,9:20
23-Nov-21,9:19
23-Nov-21,9:19
23-Nov-21,9:18
23-Nov-21,9:18
23-Nov-21,9:18
23-Nov-21,9:18
23-Nov-21,9:17
23-Nov-21,9:17
23-Nov-21,9:17
23-Nov-21,9:15
23-Nov-21,9:15
23-Nov-21,9:14
23-Nov-21,9:13
23-Nov-21,9:13
23-Nov-21,9:12
23-Nov-21,9:12
23-Nov-21,9:12
23-Nov-21,9:12
23-Nov-21,9:11
23-Nov-21,9:11
23-Nov-21,9:11
23-Nov-21,9:10
23-Nov-21,9:10
23-Nov-21,9:09
23-Nov-21,9:08
23-Nov-21,9:08
23-Nov-21,9:07
23-Nov-21,9:07
23-Nov-21,9:06
23-Nov-21,9:06
23-Nov-21,9:05
23-Nov-21,9:05
23-Nov-21,9:04
23-Nov-21,9:04
23-Nov-21,9:03
23-Nov-21,9:03
23-Nov-21,9:03
23-Nov-21,9:02
23-Nov-21,9:02
23-Nov-21,9:01
23-Nov-21,9:00
23-Nov-21,8:59
23-Nov-21,8:59
23-Nov-21,8:59
23-Nov-21,8:59
23-Nov-21,8:58
23-Nov-21,8:58
23-Nov-21,8:57
23-Nov-21,8:57
23-Nov-21,8:57
23-Nov-21,8:56
23-Nov-21,8:56
23-Nov-21,8:56
23-Nov-21,8:55
23-Nov-21,8:55
23-Nov-21,8:55
23-Nov-21,8:54
23-Nov-21,8:53
23-Nov-21,8:53
23-Nov-21,8:53
23-Nov-21,8:52
23-Nov-21,8:52
23-Nov-21,8:52
23-Nov-21,8:51
23-Nov-21,8:51
23-Nov-21,8:51
23-Nov-21,8:51
23-Nov-21,8:50
23-Nov-21,8:50
23-Nov-21,8:49
23-Nov-21,8:48
23-Nov-21,8:48
23-Nov-21,8:47
23-Nov-21,8:46
23-Nov-21,8:45
23-Nov-21,8:44
23-Nov-21,8:43
23-Nov-21,8:43
23-Nov-21,8:43
23-Nov-21,8:43
23-Nov-21,8:42
23-Nov-21,8:41
23-Nov-21,8:40
23-Nov-21,8:40
23-Nov-21,8:39
23-Nov-21,8:39
23-Nov-21,8:38
23-Nov-21,8:38
23-Nov-21,8:38
23-Nov-21,8:38
23-Nov-21,8:36
23-Nov-21,8:35
23-Nov-21,8:34
23-Nov-21,8:33
23-Nov-21,8:32
23-Nov-21,8:31
23-Nov-21,8:31
23-Nov-21,8:30
23-Nov-21,8:30
23-Nov-21,8:29
23-Nov-21,8:29
23-Nov-21,8:28
23-Nov-21,8:28
23-Nov-21,8:28
23-Nov-21,8:28
23-Nov-21,8:28
23-Nov-21,8:27
23-Nov-21,8:27
23-Nov-21,8:27
23-Nov-21,8:26
23-Nov-21,8:26
23-Nov-21,8:25
23-Nov-21,8:25
23-Nov-21,8:25
23-Nov-21,8:25
23-Nov-21,8:24
23-Nov-21,8:24
23-Nov-21,8:24
23-Nov-21,8:24
23-Nov-21,8:24
23-Nov-21,8:24
23-Nov-21,8:23
23-Nov-21,8:22
23-Nov-21,8:19
23-Nov-21,8:19
23-Nov-21,8:19
23-Nov-21,8:18
23-Nov-21,8:17
23-Nov-21,8:17
23-Nov-21,8:15
23-Nov-21,8:13
23-Nov-21,8:13
23-Nov-21,8:13
23-Nov-21,8:12
23-Nov-21,8:12
23-Nov-21,8:12
23-Nov-21,8:11
23-Nov-21,8:10
23-Nov-21,8:10
23-Nov-21,8:09
23-Nov-21,8:09
23-Nov-21,8:07
23-Nov-21,8:07
23-Nov-21,8:07
23-Nov-21,8:07
23-Nov-21,8:07
23-Nov-21,8:05
23-Nov-21,8:05
23-Nov-21,8:05
23-Nov-21,8:04
23-Nov-21,8:04
23-Nov-21,8:03
23-Nov-21,8:03
23-Nov-21,8:02
23-Nov-21,8:01
23-Nov-21,8:01
23-Nov-21,8:00
23-Nov-21,8:00
23-Nov-21,7:57
23-Nov-21,7:57
23-Nov-21,7:57
23-Nov-21,7:56
23-Nov-21,7:55
23-Nov-21,7:55
23-Nov-21,7:54
23-Nov-21,7:54
23-Nov-21,7:53
23-Nov-21,7:53
23-Nov-21,7:53
23-Nov-21,7:53
23-Nov-21,7:52
23-Nov-21,7:52
23-Nov-21,7:51
23-Nov-21,7:51
23-Nov-21,7:50
23-Nov-21,7:50
23-Nov-21,7:49
23-Nov-21,7:48
23-Nov-21,7:48
23-Nov-21,7:48
23-Nov-21,7:48
23-Nov-21,7:47
23-Nov-21,7:46
23-Nov-21,7:46
23-Nov-21,7:46
23-Nov-21,7:46
23-Nov-21,7:45
23-Nov-21,7:45
23-Nov-21,7:45
23-Nov-21,7:44
23-Nov-21,7:44
23-Nov-21,7:44
23-Nov-21,7:44
23-Nov-21,7:43
23-Nov-21,7:43
23-Nov-21,7:43
23-Nov-21,7:42
23-Nov-21,7:40
23-Nov-21,7:39
23-Nov-21,7:38
23-Nov-21,7:38
23-Nov-21,7:38
23-Nov-21,7:37
23-Nov-21,7:37
23-Nov-21,7:37
23-Nov-21,7:37
23-Nov-21,7:37
23-Nov-21,7:37
23-Nov-21,7:36
23-Nov-21,7:36
23-Nov-21,7:36
23-Nov-21,7:36
23-Nov-21,7:35
23-Nov-21,7:34
23-Nov-21,7:34
23-Nov-21,7:34
23-Nov-21,7:33
23-Nov-21,7:31
23-Nov-21,7:31
23-Nov-21,7:31
23-Nov-21,7:31
23-Nov-21,7:30
23-Nov-21,7:30
23-Nov-21,7:29
23-Nov-21,7:28
23-Nov-21,7:28
23-Nov-21,7:28
23-Nov-21,7:28
23-Nov-21,7:28
23-Nov-21,7:27
23-Nov-21,7:27
23-Nov-21,7:27
23-Nov-21,7:26
23-Nov-21,7:26
23-Nov-21,7:26
23-Nov-21,7:26
23-Nov-21,7:25
23-Nov-21,7:25
23-Nov-21,7:25
23-Nov-21,7:25
23-Nov-21,7:25
23-Nov-21,7:24
23-Nov-21,7:24
23-Nov-21,7:23
23-Nov-21,7:23
23-Nov-21,7:23
23-Nov-21,7:23
23-Nov-21,7:22
23-Nov-21,7:22
23-Nov-21,7:22
23-Nov-21,7:22
23-Nov-21,7:21
23-Nov-21,7:21
23-Nov-21,7:21
23-Nov-21,7:21
23-Nov-21,7:20
23-Nov-21,7:19
23-Nov-21,7:19
23-Nov-21,7:19
23-Nov-21,7:19
23-Nov-21,7:19
23-Nov-21,7:19
23-Nov-21,7:18
23-Nov-21,7:18
23-Nov-21,7:18
23-Nov-21,7:18
23-Nov-21,7:16
23-Nov-21,7:16
23-Nov-21,7:16
23-Nov-21,7:16
23-Nov-21,7:16
23-Nov-21,7:15
23-Nov-21,7:15
23-Nov-21,7:15
23-Nov-21,7:14
23-Nov-21,7:14
23-Nov-21,7:14
23-Nov-21,7:13
23-Nov-21,7:13
23-Nov-21,7:11
23-Nov-21,7:11
23-Nov-21,7:11
23-Nov-21,7:11
23-Nov-21,7:10
23-Nov-21,7:10
23-Nov-21,7:09
23-Nov-21,7:09
23-Nov-21,7:09
23-Nov-21,7:08
23-Nov-21,7:08
23-Nov-21,7:07
23-Nov-21,7:07
23-Nov-21,7:07
23-Nov-21,7:07
23-Nov-21,7:06
23-Nov-21,7:06
23-Nov-21,7:06
23-Nov-21,7:05
23-Nov-21,7:04
23-Nov-21,7:03
23-Nov-21,7:02
23-Nov-21,7:02
23-Nov-21,7:02
23-Nov-21,7:02
23-Nov-21,7:02
23-Nov-21,7:01
23-Nov-21,7:01
23-Nov-21,7:00
23-Nov-21,7:00
23-Nov-21,7:00
23-Nov-21,6:58
23-Nov-21,6:57
23-Nov-21,6:57
23-Nov-21,6:56
23-Nov-21,6:56
23-Nov-21,6:56
23-Nov-21,6:56
23-Nov-21,6:55
23-Nov-21,6:55
23-Nov-21,6:54
23-Nov-21,6:54
23-Nov-21,6:53
23-Nov-21,6:53
23-Nov-21,6:53
23-Nov-21,6:53
23-Nov-21,6:52
23-Nov-21,6:51
23-Nov-21,6:51
23-Nov-21,6:51
23-Nov-21,6:50
23-Nov-21,6:50
23-Nov-21,6:50
23-Nov-21,6:50
23-Nov-21,6:49
23-Nov-21,6:49
23-Nov-21,6:49
23-Nov-21,6:49
23-Nov-21,6:49
23-Nov-21,6:48
23-Nov-21,6:48
23-Nov-21,6:48
23-Nov-21,6:48
23-Nov-21,6:47
23-Nov-21,6:47
23-Nov-21,6:46
23-Nov-21,6:46
23-Nov-21,6:46
23-Nov-21,6:46
23-Nov-21,6:45
23-Nov-21,6:45
23-Nov-21,6:45
23-Nov-21,6:45
23-Nov-21,6:44
23-Nov-21,6:43
23-Nov-21,6:42
23-Nov-21,6:42
23-Nov-21,6:42
23-Nov-21,6:41
23-Nov-21,6:41
23-Nov-21,6:40
23-Nov-21,6:40
23-Nov-21,6:40
23-Nov-21,6:40
23-Nov-21,6:39
23-Nov-21,6:39
23-Nov-21,6:39
23-Nov-21,6:38
23-Nov-21,6:37
23-Nov-21,6:37
23-Nov-21,6:37
23-Nov-21,6:37
23-Nov-21,6:36
23-Nov-21,6:36
23-Nov-21,6:36
23-Nov-21,6:35
23-Nov-21,6:35
23-Nov-21,6:35
23-Nov-21,6:35
23-Nov-21,6:33
23-Nov-21,6:33
23-Nov-21,6:32
23-Nov-21,6:31
23-Nov-21,6:31
23-Nov-21,6:31
23-Nov-21,6:30
23-Nov-21,6:30
23-Nov-21,6:29
23-Nov-21,6:29
23-Nov-21,6:29
23-Nov-21,6:29
23-Nov-21,6:27
23-Nov-21,6:26
23-Nov-21,6:26
23-Nov-21,6:26
23-Nov-21,6:26
23-Nov-21,6:25
23-Nov-21,6:25
23-Nov-21,6:25
23-Nov-21,6:24
23-Nov-21,6:24
23-Nov-21,6:24
23-Nov-21,6:24
23-Nov-21,6:24
23-Nov-21,6:24
23-Nov-21,6:23
23-Nov-21,6:23
23-Nov-21,6:23
23-Nov-21,6:22
23-Nov-21,6:22
23-Nov-21,6:22
23-Nov-21,6:22
23-Nov-21,6:22
23-Nov-21,6:21
23-Nov-21,6:20
23-Nov-21,6:20
23-Nov-21,6:20
23-Nov-21,6:19
23-Nov-21,6:19
23-Nov-21,6:19
23-Nov-21,6:19
23-Nov-21,6:19
23-Nov-21,6:19
23-Nov-21,6:18
23-Nov-21,6:18
23-Nov-21,6:18
23-Nov-21,6:17
23-Nov-21,6:17
23-Nov-21,6:17
23-Nov-21,6:16
23-Nov-21,6:16
23-Nov-21,6:15
23-Nov-21,6:15
23-Nov-21,6:14
23-Nov-21,6:14
23-Nov-21,6:14
23-Nov-21,6:14
23-Nov-21,6:12
23-Nov-21,6:11
23-Nov-21,6:11
23-Nov-21,6:11
23-Nov-21,6:09
23-Nov-21,6:09
23-Nov-21,6:09
23-Nov-21,6:09
23-Nov-21,6:09
23-Nov-21,6:09
23-Nov-21,6:08
23-Nov-21,6:08
23-Nov-21,6:07
23-Nov-21,6:07
23-Nov-21,6:06
23-Nov-21,6:06
23-Nov-21,6:06
23-Nov-21,6:06
23-Nov-21,6:06
23-Nov-21,6:05
23-Nov-21,6:05
23-Nov-21,6:05
23-Nov-21,6:05
23-Nov-21,6:04
23-Nov-21,6:03
23-Nov-21,6:03
23-Nov-21,6:03
23-Nov-21,6:02
23-Nov-21,6:02
23-Nov-21,6:01
23-Nov-21,6:01
23-Nov-21,6:00
23-Nov-21,6:00
23-Nov-21,5:59
23-Nov-21,5:59
23-Nov-21,5:59
23-Nov-21,5:59
23-Nov-21,5:58
23-Nov-21,5:58
23-Nov-21,5:58
23-Nov-21,5:58
23-Nov-21,5:58
23-Nov-21,5:58
23-Nov-21,5:57
23-Nov-21,5:57
23-Nov-21,5:56
23-Nov-21,5:56
23-Nov-21,5:56
23-Nov-21,5:56
23-Nov-21,5:55
23-Nov-21,5:54
23-Nov-21,5:54
23-Nov-21,5:54
23-Nov-21,5:53
23-Nov-21,5:53
23-Nov-21,5:52
23-Nov-21,5:52
23-Nov-21,5:51
23-Nov-21,5:51
23-Nov-21,5:51
23-Nov-21,5:50
23-Nov-21,5:50
23-Nov-21,5:50
23-Nov-21,5:50
23-Nov-21,5:49
23-Nov-21,5:49
23-Nov-21,5:49
23-Nov-21,5:49
23-Nov-21,5:49
23-Nov-21,5:48
23-Nov-21,5:48
23-Nov-21,5:48
23-Nov-21,5:48
23-Nov-21,5:47
23-Nov-21,5:47
23-Nov-21,5:47
23-Nov-21,5:47
23-Nov-21,5:46
23-Nov-21,5:46
23-Nov-21,5:46
23-Nov-21,5:46
23-Nov-21,5:46
23-Nov-21,5:45
23-Nov-21,5:45
23-Nov-21,5:45
23-Nov-21,5:45
23-Nov-21,5:44
23-Nov-21,5:43
23-Nov-21,5:43
23-Nov-21,5:42
23-Nov-21,5:42
23-Nov-21,5:42
23-Nov-21,5:42
23-Nov-21,5:42
23-Nov-21,5:42
23-Nov-21,5:42
23-Nov-21,5:42
23-Nov-21,5:42
23-Nov-21,5:41
23-Nov-21,5:40
23-Nov-21,5:40
23-Nov-21,5:40
23-Nov-21,5:40
23-Nov-21,5:39
23-Nov-21,5:39
23-Nov-21,5:39
23-Nov-21,5:38
23-Nov-21,5:38
23-Nov-21,5:38
23-Nov-21,5:38
23-Nov-21,5:37
23-Nov-21,5:36
23-Nov-21,5:35
23-Nov-21,5:35
23-Nov-21,5:35
23-Nov-21,5:35
23-Nov-21,5:35
23-Nov-21,5:34
23-Nov-21,5:34
23-Nov-21,5:34
23-Nov-21,5:34
23-Nov-21,5:34
23-Nov-21,5:34
23-Nov-21,5:34
23-Nov-21,5:33
23-Nov-21,5:33
23-Nov-21,5:32
23-Nov-21,5:32
23-Nov-21,5:32
23-Nov-21,5:32
23-Nov-21,5:31
23-Nov-21,5:31
23-Nov-21,5:31
23-Nov-21,5:31
23-Nov-21,5:30
23-Nov-21,5:30
23-Nov-21,5:30
23-Nov-21,5:29
23-Nov-21,5:29
23-Nov-21,5:29
23-Nov-21,5:29
23-Nov-21,5:29
23-Nov-21,5:28
23-Nov-21,5:28
23-Nov-21,5:28
23-Nov-21,5:28
23-Nov-21,5:28
23-Nov-21,5:27
23-Nov-21,5:26
23-Nov-21,5:26
23-Nov-21,5:26
23-Nov-21,5:26
23-Nov-21,5:26
23-Nov-21,5:26
23-Nov-21,5:25
23-Nov-21,5:25
23-Nov-21,5:24
23-Nov-21,5:24
23-Nov-21,5:24
23-Nov-21,5:24
23-Nov-21,5:23
23-Nov-21,5:23
23-Nov-21,5:23
23-Nov-21,5:23
23-Nov-21,5:23
23-Nov-21,5:23
23-Nov-21,5:23
23-Nov-21,5:22
23-Nov-21,5:22
23-Nov-21,5:21
23-Nov-21,5:21
23-Nov-21,5:20
23-Nov-21,5:20
23-Nov-21,5:20
23-Nov-21,5:20
23-Nov-21,5:20
23-Nov-21,5:19
23-Nov-21,5:19
23-Nov-21,5:19
23-Nov-21,5:19
23-Nov-21,5:19
23-Nov-21,5:18
23-Nov-21,5:18
23-Nov-21,5:18
23-Nov-21,5:18
23-Nov-21,5:16
23-Nov-21,5:16
23-Nov-21,5:15
23-Nov-21,5:15
23-Nov-21,5:15
23-Nov-21,5:15
23-Nov-21,5:15
23-Nov-21,5:15
23-Nov-21,5:15
23-Nov-21,5:15
23-Nov-21,5:14
23-Nov-21,5:14
23-Nov-21,5:14
23-Nov-21,5:14
23-Nov-21,5:13
23-Nov-21,5:13
23-Nov-21,5:12
23-Nov-21,5:12
23-Nov-21,5:12
23-Nov-21,5:11
23-Nov-21,5:11
23-Nov-21,5:11
23-Nov-21,5:10
23-Nov-21,5:10
23-Nov-21,5:10
23-Nov-21,5:09
23-Nov-21,5:09
23-Nov-21,5:09
23-Nov-21,5:09
23-Nov-21,5:09
23-Nov-21,5:08
23-Nov-21,5:08
23-Nov-21,5:07
23-Nov-21,5:07
23-Nov-21,5:07
23-Nov-21,5:06
23-Nov-21,5:06
23-Nov-21,5:06
23-Nov-21,5:06
23-Nov-21,5:05
23-Nov-21,5:05
23-Nov-21,5:05
23-Nov-21,5:04
23-Nov-21,5:04
23-Nov-21,5:04
23-Nov-21,5:04
23-Nov-21,5:04
23-Nov-21,5:04
23-Nov-21,5:03
23-Nov-21,5:03
23-Nov-21,5:02
23-Nov-21,5:02
23-Nov-21,5:02
23-Nov-21,5:02
23-Nov-21,5:01
23-Nov-21,5:01
23-Nov-21,5:00
23-Nov-21,5:00
23-Nov-21,5:00
23-Nov-21,5:00
23-Nov-21,5:00
23-Nov-21,5:00
23-Nov-21,4:59
23-Nov-21,4:59
23-Nov-21,4:59
23-Nov-21,4:59
23-Nov-21,4:59
23-Nov-21,4:58
23-Nov-21,4:58
23-Nov-21,4:58
23-Nov-21,4:58
23-Nov-21,4:58
23-Nov-21,4:58
23-Nov-21,4:57
23-Nov-21,4:57
23-Nov-21,4:57
23-Nov-21,4:57
23-Nov-21,4:57
23-Nov-21,4:57
23-Nov-21,4:57
23-Nov-21,4:56
23-Nov-21,4:56
23-Nov-21,4:56
23-Nov-21,4:55
23-Nov-21,4:55
23-Nov-21,4:55
23-Nov-21,4:55
23-Nov-21,4:55
23-Nov-21,4:55
23-Nov-21,4:54
23-Nov-21,4:54
23-Nov-21,4:54
23-Nov-21,4:53
23-Nov-21,4:53
23-Nov-21,4:52
23-Nov-21,4:52
23-Nov-21,4:51
23-Nov-21,4:50
23-Nov-21,4:50
23-Nov-21,4:50
23-Nov-21,4:50
23-Nov-21,4:50
23-Nov-21,4:47
23-Nov-21,4:47
23-Nov-21,4:47
23-Nov-21,4:47
23-Nov-21,4:46
23-Nov-21,4:46
23-Nov-21,4:46
23-Nov-21,4:46
23-Nov-21,4:46
23-Nov-21,4:46
23-Nov-21,4:45
23-Nov-21,4:45
23-Nov-21,4:45
23-Nov-21,4:45
23-Nov-21,4:44
23-Nov-21,4:44
23-Nov-21,4:44
23-Nov-21,4:44
23-Nov-21,4:44
23-Nov-21,4:43
23-Nov-21,4:42
23-Nov-21,4:42
23-Nov-21,4:42
23-Nov-21,4:41
23-Nov-21,4:41
23-Nov-21,4:40
23-Nov-21,4:40
23-Nov-21,4:40
23-Nov-21,4:40
23-Nov-21,4:40
23-Nov-21,4:38
23-Nov-21,4:38
23-Nov-21,4:37
23-Nov-21,4:37
23-Nov-21,4:37
23-Nov-21,4:37
23-Nov-21,4:37
23-Nov-21,4:37
23-Nov-21,4:36
23-Nov-21,4:36
23-Nov-21,4:35
23-Nov-21,4:35
23-Nov-21,4:35
23-Nov-21,4:35
23-Nov-21,4:35
23-Nov-21,4:35
23-Nov-21,4:34
23-Nov-21,4:34
23-Nov-21,4:34
23-Nov-21,4:34
23-Nov-21,4:34
23-Nov-21,4:33
23-Nov-21,4:33
23-Nov-21,4:33
23-Nov-21,4:33
23-Nov-21,4:32
23-Nov-21,4:32
23-Nov-21,4:31
23-Nov-21,4:31
23-Nov-21,4:31
23-Nov-21,4:31
23-Nov-21,4:31
23-Nov-21,4:30
23-Nov-21,4:30
23-Nov-21,4:30
23-Nov-21,4:30
23-Nov-21,4:30
23-Nov-21,4:30
23-Nov-21,4:30
23-Nov-21,4:29
23-Nov-21,4:28
23-Nov-21,4:27
23-Nov-21,4:27
23-Nov-21,4:27
23-Nov-21,4:27
23-Nov-21,4:26
23-Nov-21,4:26
23-Nov-21,4:26
23-Nov-21,4:25
23-Nov-21,4:25
23-Nov-21,4:25
23-Nov-21,4:25
23-Nov-21,4:24
23-Nov-21,4:24
23-Nov-21,4:23
23-Nov-21,4:23
23-Nov-21,4:22
23-Nov-21,4:22
23-Nov-21,4:22
23-Nov-21,4:22
23-Nov-21,4:22
23-Nov-21,4:21
23-Nov-21,4:21
23-Nov-21,4:20
23-Nov-21,4:19
23-Nov-21,4:19
23-Nov-21,4:19
23-Nov-21,4:19
23-Nov-21,4:18
23-Nov-21,4:18
23-Nov-21,4:17
23-Nov-21,4:17
23-Nov-21,4:17
23-Nov-21,4:17
23-Nov-21,4:17
23-Nov-21,4:17
23-Nov-21,4:17
23-Nov-21,4:16
23-Nov-21,4:16
23-Nov-21,4:16
23-Nov-21,4:16
23-Nov-21,4:16
23-Nov-21,4:15
23-Nov-21,4:15
23-Nov-21,4:15
23-Nov-21,4:15
23-Nov-21,4:14
23-Nov-21,4:14
23-Nov-21,4:14
23-Nov-21,4:14
23-Nov-21,4:14
23-Nov-21,4:11
23-Nov-21,4:11
23-Nov-21,4:11
23-Nov-21,4:10
23-Nov-21,4:10
23-Nov-21,4:10
23-Nov-21,4:09
23-Nov-21,4:09
23-Nov-21,4:09
23-Nov-21,4:09
23-Nov-21,4:08
23-Nov-21,4:08
23-Nov-21,4:08
23-Nov-21,4:08
23-Nov-21,4:08
23-Nov-21,4:08
23-Nov-21,4:07
23-Nov-21,4:06
23-Nov-21,4:06
23-Nov-21,4:06
23-Nov-21,4:05
23-Nov-21,4:05
23-Nov-21,4:05
23-Nov-21,4:05
23-Nov-21,4:05
23-Nov-21,4:05
23-Nov-21,4:05
23-Nov-21,4:04
23-Nov-21,4:04
23-Nov-21,4:04
23-Nov-21,4:04
23-Nov-21,4:03
23-Nov-21,4:03
23-Nov-21,4:02
23-Nov-21,4:02
23-Nov-21,4:02
23-Nov-21,4:01
23-Nov-21,4:01
23-Nov-21,4:00
23-Nov-21,4:00
23-Nov-21,3:59
23-Nov-21,3:59
23-Nov-21,3:58
23-Nov-21,3:58
23-Nov-21,3:58
23-Nov-21,3:58
23-Nov-21,3:58
23-Nov-21,3:58
23-Nov-21,3:58
23-Nov-21,3:57
23-Nov-21,3:56
23-Nov-21,3:55
23-Nov-21,3:55
23-Nov-21,3:55
23-Nov-21,3:55
23-Nov-21,3:54
23-Nov-21,3:54
23-Nov-21,3:54
23-Nov-21,3:54
23-Nov-21,3:53
23-Nov-21,3:52
23-Nov-21,3:52
23-Nov-21,3:52
23-Nov-21,3:52
23-Nov-21,3:52
23-Nov-21,3:52
23-Nov-21,3:52
23-Nov-21,3:51
23-Nov-21,3:51
23-Nov-21,3:50
23-Nov-21,3:50
23-Nov-21,3:50
23-Nov-21,3:50
23-Nov-21,3:49
23-Nov-21,3:49
23-Nov-21,3:49
23-Nov-21,3:49
23-Nov-21,3:49
23-Nov-21,3:49
23-Nov-21,3:48
23-Nov-21,3:48
23-Nov-21,3:48
23-Nov-21,3:47
23-Nov-21,3:47
23-Nov-21,3:47
23-Nov-21,3:46
23-Nov-21,3:45
23-Nov-21,3:45
23-Nov-21,3:44
23-Nov-21,3:44
23-Nov-21,3:44
23-Nov-21,3:44
23-Nov-21,3:44
23-Nov-21,3:44
23-Nov-21,3:43
23-Nov-21,3:43
23-Nov-21,3:43
23-Nov-21,3:43
23-Nov-21,3:43
23-Nov-21,3:43
23-Nov-21,3:42
23-Nov-21,3:42
23-Nov-21,3:42
23-Nov-21,3:42
23-Nov-21,3:41
23-Nov-21,3:41
23-Nov-21,3:41
23-Nov-21,3:41
23-Nov-21,3:40
23-Nov-21,3:40
23-Nov-21,3:40
23-Nov-21,3:40
23-Nov-21,3:40
23-Nov-21,3:39
23-Nov-21,3:39
23-Nov-21,3:39
23-Nov-21,3:38
23-Nov-21,3:38
23-Nov-21,3:38
23-Nov-21,3:38
23-Nov-21,3:38
23-Nov-21,3:37
23-Nov-21,3:37
23-Nov-21,3:37
23-Nov-21,3:37
23-Nov-21,3:36
23-Nov-21,3:36
23-Nov-21,3:36
23-Nov-21,3:36
23-Nov-21,3:35
23-Nov-21,3:35
23-Nov-21,3:34
23-Nov-21,3:34
23-Nov-21,3:34
23-Nov-21,3:34
23-Nov-21,3:34
23-Nov-21,3:33
23-Nov-21,3:33
23-Nov-21,3:33
23-Nov-21,3:32
23-Nov-21,3:31
23-Nov-21,3:31
23-Nov-21,3:30
23-Nov-21,3:30
23-Nov-21,3:30
23-Nov-21,3:30
23-Nov-21,3:29
23-Nov-21,3:29
23-Nov-21,3:29
23-Nov-21,3:29
23-Nov-21,3:28
23-Nov-21,3:28
23-Nov-21,3:28
23-Nov-21,3:28
23-Nov-21,3:28
23-Nov-21,3:27
23-Nov-21,3:26
23-Nov-21,3:26
23-Nov-21,3:26
23-Nov-21,3:25
23-Nov-21,3:25
23-Nov-21,3:25
23-Nov-21,3:25
23-Nov-21,3:25
23-Nov-21,3:24
23-Nov-21,3:24
23-Nov-21,3:24
23-Nov-21,3:23
23-Nov-21,3:22
23-Nov-21,3:22
22-Nov-21,3:22
22-Nov-21,3:22
22-Nov-21,3:22
22-Nov-21,3:22
22-Nov-21,3:22
22-Nov-21,3:22
22-Nov-21,3:22
22-Nov-21,3:22
22-Nov-21,3:21
22-Nov-21,3:21
22-Nov-21,3:21
22-Nov-21,3:20
22-Nov-21,3:20
22-Nov-21,3:20
22-Nov-21,3:20
22-Nov-21,3:19
22-Nov-21,3:19
22-Nov-21,3:18
22-Nov-21,3:18
22-Nov-21,3:17
22-Nov-21,3:17
22-Nov-21,3:17
22-Nov-21,3:17
22-Nov-21,3:16
22-Nov-21,3:16
22-Nov-21,3:16
22-Nov-21,3:15
22-Nov-21,3:15
22-Nov-21,3:15
22-Nov-21,3:15
22-Nov-21,3:14
22-Nov-21,3:14
22-Nov-21,3:14
22-Nov-21,3:14
22-Nov-21,3:14
22-Nov-21,3:14
22-Nov-21,3:14
22-Nov-21,3:13
22-Nov-21,3:13
22-Nov-21,3:13
22-Nov-21,3:13
22-Nov-21,3:13
22-Nov-21,3:13
22-Nov-21,3:13
22-Nov-21,3:12
22-Nov-21,3:12
22-Nov-21,3:12
22-Nov-21,3:11
22-Nov-21,3:11
22-Nov-21,3:11
22-Nov-21,3:11
22-Nov-21,3:11
22-Nov-21,3:11
22-Nov-21,3:11
22-Nov-21,3:10
22-Nov-21,3:10
22-Nov-21,3:10
22-Nov-21,3:10
22-Nov-21,3:09
22-Nov-21,3:09
22-Nov-21,3:09
22-Nov-21,3:08
22-Nov-21,3:08
22-Nov-21,3:08
22-Nov-21,3:07
22-Nov-21,3:07
22-Nov-21,3:07
22-Nov-21,3:07
22-Nov-21,3:07
22-Nov-21,3:06
22-Nov-21,3:06
22-Nov-21,3:05
22-Nov-21,3:05
22-Nov-21,3:04
22-Nov-21,3:04
22-Nov-21,3:04
22-Nov-21,3:04
22-Nov-21,3:04
22-Nov-21,3:04
22-Nov-21,3:04
22-Nov-21,3:04
22-Nov-21,3:03
22-Nov-21,3:03
22-Nov-21,3:03
22-Nov-21,3:03
22-Nov-21,3:02
22-Nov-21,3:02
22-Nov-21,3:00
22-Nov-21,3:00
22-Nov-21,3:00
22-Nov-21,2:59
22-Nov-21,2:59
22-Nov-21,2:59
22-Nov-21,2:59
22-Nov-21,2:58
22-Nov-21,2:58
22-Nov-21,2:58
22-Nov-21,2:58
22-Nov-21,2:58
22-Nov-21,2:57
22-Nov-21,2:57
22-Nov-21,2:57
22-Nov-21,2:57
22-Nov-21,2:57
22-Nov-21,2:57
22-Nov-21,2:56
22-Nov-21,2:56
22-Nov-21,2:55
22-Nov-21,2:55
22-Nov-21,2:55
22-Nov-21,2:55
22-Nov-21,2:55
22-Nov-21,2:55
22-Nov-21,2:55
22-Nov-21,2:54
22-Nov-21,2:54
22-Nov-21,2:54
22-Nov-21,2:54
22-Nov-21,2:54
22-Nov-21,2:53
22-Nov-21,2:53
22-Nov-21,2:53
22-Nov-21,2:53
22-Nov-21,2:53
22-Nov-21,2:53
22-Nov-21,2:52
22-Nov-21,2:52
22-Nov-21,2:52
22-Nov-21,2:51
22-Nov-21,2:51
22-Nov-21,2:51
22-Nov-21,2:51
22-Nov-21,2:51
22-Nov-21,2:50
22-Nov-21,2:50
22-Nov-21,2:50
22-Nov-21,2:50
22-Nov-21,2:50
22-Nov-21,2:49
22-Nov-21,2:49
22-Nov-21,2:49
22-Nov-21,2:49
22-Nov-21,2:49
22-Nov-21,2:48
22-Nov-21,2:48
22-Nov-21,2:48
22-Nov-21,2:48
22-Nov-21,2:48
22-Nov-21,2:47
22-Nov-21,2:47
22-Nov-21,2:47
22-Nov-21,2:47
22-Nov-21,2:47
22-Nov-21,2:47
22-Nov-21,2:47
22-Nov-21,2:47
22-Nov-21,2:46
22-Nov-21,2:46
22-Nov-21,2:46
22-Nov-21,2:46
22-Nov-21,2:46
22-Nov-21,2:46
22-Nov-21,2:45
22-Nov-21,2:45
22-Nov-21,2:45
22-Nov-21,2:45
22-Nov-21,2:44
22-Nov-21,2:44
22-Nov-21,2:44
22-Nov-21,2:43
22-Nov-21,2:43
22-Nov-21,2:42
22-Nov-21,2:42
22-Nov-21,2:42
22-Nov-21,2:42
22-Nov-21,2:41
22-Nov-21,2:41
22-Nov-21,2:41
22-Nov-21,2:40
22-Nov-21,2:40
22-Nov-21,2:40
22-Nov-21,2:40
22-Nov-21,2:39
22-Nov-21,2:39
22-Nov-21,2:39
22-Nov-21,2:39
22-Nov-21,2:39
22-Nov-21,2:38
22-Nov-21,2:38
22-Nov-21,2:38
22-Nov-21,2:37
22-Nov-21,2:37
22-Nov-21,2:37
22-Nov-21,2:36
22-Nov-21,2:36
22-Nov-21,2:36
22-Nov-21,2:36
22-Nov-21,2:36
22-Nov-21,2:36
22-Nov-21,2:36
22-Nov-21,2:35
22-Nov-21,2:35
22-Nov-21,2:35
22-Nov-21,2:34
22-Nov-21,2:34
22-Nov-21,2:34
22-Nov-21,2:33
22-Nov-21,2:33
22-Nov-21,2:33
22-Nov-21,2:31
22-Nov-21,2:31
22-Nov-21,2:31
22-Nov-21,2:31
22-Nov-21,2:30
22-Nov-21,2:30
22-Nov-21,2:29
22-Nov-21,2:29
22-Nov-21,2:29
22-Nov-21,2:28
22-Nov-21,2:28
22-Nov-21,2:27
22-Nov-21,2:27
22-Nov-21,2:26
22-Nov-21,2:26
22-Nov-21,2:26
22-Nov-21,2:25
22-Nov-21,2:25
22-Nov-21,2:25
22-Nov-21,2:25
22-Nov-21,2:24
22-Nov-21,2:24
22-Nov-21,2:24
22-Nov-21,2:23
22-Nov-21,2:23
22-Nov-21,2:23
22-Nov-21,2:23
22-Nov-21,2:23
22-Nov-21,2:23
22-Nov-21,2:23
22-Nov-21,2:23
22-Nov-21,2:23
22-Nov-21,2:22
22-Nov-21,2:22
22-Nov-21,2:22
22-Nov-21,2:22
22-Nov-21,2:22
22-Nov-21,2:21
22-Nov-21,2:21
22-Nov-21,2:20
22-Nov-21,2:20
22-Nov-21,2:20
22-Nov-21,2:20
22-Nov-21,2:20
22-Nov-21,2:20
22-Nov-21,2:19
22-Nov-21,2:19
22-Nov-21,2:19
22-Nov-21,2:19
22-Nov-21,2:19
22-Nov-21,2:18
22-Nov-21,2:17
22-Nov-21,2:17
22-Nov-21,2:17
22-Nov-21,2:17
22-Nov-21,2:17
22-Nov-21,2:16
22-Nov-21,2:16
22-Nov-21,2:16
22-Nov-21,2:16
22-Nov-21,2:16
22-Nov-21,2:15
22-Nov-21,2:15
22-Nov-21,2:15
22-Nov-21,2:14
22-Nov-21,2:14
22-Nov-21,2:14
22-Nov-21,2:13
22-Nov-21,2:13
22-Nov-21,2:13
22-Nov-21,2:13
22-Nov-21,2:13
22-Nov-21,2:13
22-Nov-21,2:13
22-Nov-21,2:12
22-Nov-21,2:12
22-Nov-21,2:12
22-Nov-21,2:12
22-Nov-21,2:11
22-Nov-21,2:11
22-Nov-21,2:11
22-Nov-21,2:11
22-Nov-21,2:10
22-Nov-21,2:10
22-Nov-21,2:10
22-Nov-21,2:10
22-Nov-21,2:09
22-Nov-21,2:09
22-Nov-21,2:09
22-Nov-21,2:09
22-Nov-21,2:08
22-Nov-21,2:06
22-Nov-21,2:05
22-Nov-21,2:05
22-Nov-21,2:05
22-Nov-21,2:05
22-Nov-21,2:04
22-Nov-21,2:04
22-Nov-21,2:04
22-Nov-21,2:04
22-Nov-21,2:03
22-Nov-21,2:03
22-Nov-21,2:03
22-Nov-21,2:03
22-Nov-21,2:03
22-Nov-21,2:03
22-Nov-21,2:02
22-Nov-21,2:02
22-Nov-21,2:02
22-Nov-21,2:01
22-Nov-21,2:01
22-Nov-21,2:01
22-Nov-21,2:00
22-Nov-21,2:00
22-Nov-21,2:00
22-Nov-21,2:00
22-Nov-21,2:00
22-Nov-21,1:59
22-Nov-21,1:59
22-Nov-21,1:59
22-Nov-21,1:58
22-Nov-21,1:58
22-Nov-21,1:57
22-Nov-21,1:56
22-Nov-21,1:56
22-Nov-21,1:56
22-Nov-21,1:56
22-Nov-21,1:56
22-Nov-21,1:56
22-Nov-21,1:55
22-Nov-21,1:55
22-Nov-21,1:55
22-Nov-21,1:54
22-Nov-21,1:54
22-Nov-21,1:54
22-Nov-21,1:53
22-Nov-21,1:53
22-Nov-21,1:53
22-Nov-21,1:52
22-Nov-21,1:52
22-Nov-21,1:52
22-Nov-21,1:52
22-Nov-21,1:52
22-Nov-21,1:51
22-Nov-21,1:51
22-Nov-21,1:51
22-Nov-21,1:51
22-Nov-21,1:50
22-Nov-21,1:50
22-Nov-21,1:49
22-Nov-21,1:48
22-Nov-21,1:48
22-Nov-21,1:48
22-Nov-21,1:47
22-Nov-21,1:47
22-Nov-21,1:47
22-Nov-21,1:47
22-Nov-21,1:46
22-Nov-21,1:46
22-Nov-21,1:46
22-Nov-21,1:46
22-Nov-21,1:45
22-Nov-21,1:45
22-Nov-21,1:45
22-Nov-21,1:44
22-Nov-21,1:44
22-Nov-21,1:43
22-Nov-21,1:43
22-Nov-21,1:43
22-Nov-21,1:43
22-Nov-21,1:43
22-Nov-21,1:42
22-Nov-21,1:42
22-Nov-21,1:41
22-Nov-21,1:41
22-Nov-21,1:40
22-Nov-21,1:40
22-Nov-21,1:40
22-Nov-21,1:40
22-Nov-21,1:40
22-Nov-21,1:39
22-Nov-21,1:39
22-Nov-21,1:39
22-Nov-21,1:39
22-Nov-21,1:39
22-Nov-21,1:39
22-Nov-21,1:39
22-Nov-21,1:39
22-Nov-21,1:38
22-Nov-21,1:38
22-Nov-21,1:38
22-Nov-21,1:38
22-Nov-21,1:38
22-Nov-21,1:38
22-Nov-21,1:38
22-Nov-21,1:37
22-Nov-21,1:37
22-Nov-21,1:37
22-Nov-21,1:36
22-Nov-21,1:36
22-Nov-21,1:36
22-Nov-21,1:36
22-Nov-21,1:35
22-Nov-21,1:35
22-Nov-21,1:34
22-Nov-21,1:34
22-Nov-21,1:33
22-Nov-21,1:32
22-Nov-21,1:32
22-Nov-21,1:32
22-Nov-21,1:32
22-Nov-21,1:31
22-Nov-21,1:31
22-Nov-21,1:31
22-Nov-21,1:30
22-Nov-21,1:30
22-Nov-21,1:29
22-Nov-21,1:29
22-Nov-21,1:29
22-Nov-21,1:29
22-Nov-21,1:28
22-Nov-21,1:28
22-Nov-21,1:28
22-Nov-21,1:27
22-Nov-21,1:27
22-Nov-21,1:27
22-Nov-21,1:26
22-Nov-21,1:26
22-Nov-21,1:25
22-Nov-21,1:25
22-Nov-21,1:25
22-Nov-21,1:25
22-Nov-21,1:24
22-Nov-21,1:24
22-Nov-21,1:24
22-Nov-21,1:24
22-Nov-21,1:23
22-Nov-21,1:23
22-Nov-21,1:23
22-Nov-21,1:23
22-Nov-21,1:23
22-Nov-21,1:22
22-Nov-21,1:22
22-Nov-21,1:21
22-Nov-21,1:21
22-Nov-21,1:20
22-Nov-21,1:20
22-Nov-21,1:19
22-Nov-21,1:19
22-Nov-21,1:19
22-Nov-21,1:19
22-Nov-21,1:19
22-Nov-21,1:18
22-Nov-21,1:18
22-Nov-21,1:18
22-Nov-21,1:18
22-Nov-21,1:18
22-Nov-21,1:17
22-Nov-21,1:17
22-Nov-21,1:17
22-Nov-21,1:17
22-Nov-21,1:17
22-Nov-21,1:17
22-Nov-21,1:17
22-Nov-21,1:17
22-Nov-21,1:17
22-Nov-21,1:16
22-Nov-21,1:14
22-Nov-21,1:14
22-Nov-21,1:14
22-Nov-21,1:14
22-Nov-21,1:14
22-Nov-21,1:14
22-Nov-21,1:13
22-Nov-21,1:13
22-Nov-21,1:13
22-Nov-21,1:13
22-Nov-21,1:13
22-Nov-21,1:13
22-Nov-21,1:12
22-Nov-21,1:12
22-Nov-21,1:11
22-Nov-21,1:11
22-Nov-21,1:11
22-Nov-21,1:11
22-Nov-21,1:10
22-Nov-21,1:10
22-Nov-21,1:10
22-Nov-21,1:09
22-Nov-21,1:09
22-Nov-21,1:09
22-Nov-21,1:09
22-Nov-21,1:08
22-Nov-21,1:08
22-Nov-21,1:08
22-Nov-21,1:08
22-Nov-21,1:08
22-Nov-21,1:08
22-Nov-21,1:08
22-Nov-21,1:07
22-Nov-21,1:07
22-Nov-21,1:07
22-Nov-21,1:07
22-Nov-21,1:06
22-Nov-21,1:06
22-Nov-21,1:06
22-Nov-21,1:06
22-Nov-21,1:05
22-Nov-21,1:05
22-Nov-21,1:05
22-Nov-21,1:04
22-Nov-21,1:04
22-Nov-21,1:04
22-Nov-21,1:03
22-Nov-21,1:02
22-Nov-21,1:02
22-Nov-21,1:02
22-Nov-21,1:01
22-Nov-21,1:01
22-Nov-21,1:01
22-Nov-21,1:00
22-Nov-21,1:00
22-Nov-21,0:59
22-Nov-21,0:59
22-Nov-21,0:59
22-Nov-21,0:59
22-Nov-21,0:58
22-Nov-21,0:58
22-Nov-21,0:58
22-Nov-21,0:57
22-Nov-21,0:57
22-Nov-21,0:56
22-Nov-21,0:56
22-Nov-21,0:56
22-Nov-21,0:56
22-Nov-21,0:56
22-Nov-21,0:55
22-Nov-21,0:55
22-Nov-21,0:55
22-Nov-21,0:55
22-Nov-21,0:55
22-Nov-21,0:55
22-Nov-21,0:55
22-Nov-21,0:54
22-Nov-21,0:54
22-Nov-21,0:54
22-Nov-21,0:54
22-Nov-21,0:53
22-Nov-21,0:53
22-Nov-21,0:52
22-Nov-21,0:52
22-Nov-21,0:52
22-Nov-21,0:51
22-Nov-21,0:51
22-Nov-21,0:51
22-Nov-21,0:50
22-Nov-21,0:50
22-Nov-21,0:50
22-Nov-21,0:49
22-Nov-21,0:49
22-Nov-21,0:49
22-Nov-21,0:49
22-Nov-21,0:48
22-Nov-21,0:48
22-Nov-21,0:48
22-Nov-21,0:48
22-Nov-21,0:47
22-Nov-21,0:47
22-Nov-21,0:46
22-Nov-21,0:46
22-Nov-21,0:45
22-Nov-21,0:45
22-Nov-21,0:44
22-Nov-21,0:44
22-Nov-21,0:44
22-Nov-21,0:44
22-Nov-21,0:43
22-Nov-21,0:43
22-Nov-21,0:43
22-Nov-21,0:43
22-Nov-21,0:41
22-Nov-21,0:41
22-Nov-21,0:41
22-Nov-21,0:40
22-Nov-21,0:40
22-Nov-21,0:39
22-Nov-21,0:39
22-Nov-21,0:39
22-Nov-21,0:39
22-Nov-21,0:38
22-Nov-21,0:38
22-Nov-21,0:38
22-Nov-21,0:37
22-Nov-21,0:37
22-Nov-21,0:37
22-Nov-21,0:37
22-Nov-21,0:37
22-Nov-21,0:36
22-Nov-21,0:36
22-Nov-21,0:36
22-Nov-21,0:36
22-Nov-21,0:35
22-Nov-21,0:35
22-Nov-21,0:35
22-Nov-21,0:35
22-Nov-21,0:35
22-Nov-21,0:35
22-Nov-21,0:34
22-Nov-21,0:34
22-Nov-21,0:34
22-Nov-21,0:34
22-Nov-21,0:33
22-Nov-21,0:33
22-Nov-21,0:33
22-Nov-21,0:33
22-Nov-21,0:32
22-Nov-21,0:32
22-Nov-21,0:31
22-Nov-21,0:31
22-Nov-21,0:31
22-Nov-21,0:31
22-Nov-21,0:31
22-Nov-21,0:31
22-Nov-21,0:31
22-Nov-21,0:31
22-Nov-21,0:30
22-Nov-21,0:29
22-Nov-21,0:29
22-Nov-21,0:29
22-Nov-21,0:29
22-Nov-21,0:28
22-Nov-21,0:28
22-Nov-21,0:28
22-Nov-21,0:28
22-Nov-21,0:27
22-Nov-21,0:27
22-Nov-21,0:27
22-Nov-21,0:26
22-Nov-21,0:26
22-Nov-21,0:26
22-Nov-21,0:25
22-Nov-21,0:24
22-Nov-21,0:24
22-Nov-21,0:24
22-Nov-21,0:24
22-Nov-21,0:23
22-Nov-21,0:23
22-Nov-21,0:23
22-Nov-21,0:23
22-Nov-21,0:23
22-Nov-21,0:23
22-Nov-21,0:22
22-Nov-21,0:22
22-Nov-21,0:22
22-Nov-21,0:22
22-Nov-21,0:21
22-Nov-21,0:21
22-Nov-21,0:21
22-Nov-21,0:21
22-Nov-21,0:21
22-Nov-21,0:21
22-Nov-21,0:20
22-Nov-21,0:20
22-Nov-21,0:20
22-Nov-21,0:20
22-Nov-21,0:19
22-Nov-21,0:19
22-Nov-21,0:19
22-Nov-21,0:18
22-Nov-21,0:18
22-Nov-21,0:18
22-Nov-21,0:18
22-Nov-21,0:18
22-Nov-21,0:18
22-Nov-21,0:17
22-Nov-21,0:17
22-Nov-21,0:17
22-Nov-21,0:17
22-Nov-21,0:16
22-Nov-21,0:16
22-Nov-21,0:15
22-Nov-21,0:14
22-Nov-21,0:14
22-Nov-21,0:14
22-Nov-21,0:14
22-Nov-21,0:13
22-Nov-21,0:13
22-Nov-21,0:13
22-Nov-21,0:13
22-Nov-21,0:12
22-Nov-21,0:12
22-Nov-21,0:12
22-Nov-21,0:12
22-Nov-21,0:12
22-Nov-21,0:11
22-Nov-21,0:11
22-Nov-21,0:11
22-Nov-21,0:11
22-Nov-21,0:10
22-Nov-21,0:10
22-Nov-21,0:10
22-Nov-21,0:09
22-Nov-21,0:08
22-Nov-21,0:08
22-Nov-21,0:07
22-Nov-21,0:07
22-Nov-21,0:06
22-Nov-21,0:05
22-Nov-21,0:05
22-Nov-21,0:05
22-Nov-21,0:05
22-Nov-21,0:04
22-Nov-21,0:04
22-Nov-21,0:03
22-Nov-21,0:03
22-Nov-21,0:03
22-Nov-21,0:03
22-Nov-21,0:03
22-Nov-21,0:03
22-Nov-21,0:03
22-Nov-21,0:03
22-Nov-21,0:02
22-Nov-21,0:02
22-Nov-21,0:02
22-Nov-21,0:00
22-Nov-21,0:00
22-Nov-21,0:00
22-Nov-21,23:59
22-Nov-21,23:59
22-Nov-21,23:59
22-Nov-21,23:59
22-Nov-21,23:59
22-Nov-21,23:58
22-Nov-21,23:58
22-Nov-21,23:57
22-Nov-21,23:56
22-Nov-21,23:56
22-Nov-21,23:55
22-Nov-21,23:55
22-Nov-21,23:54
22-Nov-21,23:53
22-Nov-21,23:53
22-Nov-21,23:53
22-Nov-21,23:52
22-Nov-21,23:52
22-Nov-21,23:51
22-Nov-21,23:51
22-Nov-21,23:50
22-Nov-21,23:50
22-Nov-21,23:49
22-Nov-21,23:49
22-Nov-21,23:49
22-Nov-21,23:49
22-Nov-21,23:48
22-Nov-21,23:48
22-Nov-21,23:47
22-Nov-21,23:47
22-Nov-21,23:46
22-Nov-21,23:46
22-Nov-21,23:46
22-Nov-21,23:46
22-Nov-21,23:45
22-Nov-21,23:45
22-Nov-21,23:44
22-Nov-21,23:44
22-Nov-21,23:44
22-Nov-21,23:43
22-Nov-21,23:43
22-Nov-21,23:43
22-Nov-21,23:42
22-Nov-21,23:42
22-Nov-21,23:42
22-Nov-21,23:42
22-Nov-21,23:42
22-Nov-21,23:41
22-Nov-21,23:40
22-Nov-21,23:40
22-Nov-21,23:39
22-Nov-21,23:39
22-Nov-21,23:39
22-Nov-21,23:39
22-Nov-21,23:39
22-Nov-21,23:38
22-Nov-21,23:38
22-Nov-21,23:37
22-Nov-21,23:36
22-Nov-21,23:36
22-Nov-21,23:36
22-Nov-21,23:35
22-Nov-21,23:35
22-Nov-21,23:34
22-Nov-21,23:34
22-Nov-21,23:33
22-Nov-21,23:33
22-Nov-21,23:32
22-Nov-21,23:32
22-Nov-21,23:32
22-Nov-21,23:32
22-Nov-21,23:32
22-Nov-21,23:32
22-Nov-21,23:30
22-Nov-21,23:29
22-Nov-21,23:29
22-Nov-21,23:28
22-Nov-21,23:27
22-Nov-21,23:27
22-Nov-21,23:27
22-Nov-21,23:27
22-Nov-21,23:27
22-Nov-21,23:26
22-Nov-21,23:26
22-Nov-21,23:25
22-Nov-21,23:24
22-Nov-21,23:24
22-Nov-21,23:24
22-Nov-21,23:23
22-Nov-21,23:21
22-Nov-21,23:21
22-Nov-21,23:20
22-Nov-21,23:20
22-Nov-21,23:20
22-Nov-21,23:20
22-Nov-21,23:20
22-Nov-21,23:19
22-Nov-21,23:19
22-Nov-21,23:18
22-Nov-21,23:17
22-Nov-21,23:17
22-Nov-21,23:16
22-Nov-21,23:16
22-Nov-21,23:16
22-Nov-21,23:16
22-Nov-21,23:16
22-Nov-21,23:15
22-Nov-21,23:15
22-Nov-21,23:15
22-Nov-21,23:15
22-Nov-21,23:13
22-Nov-21,23:12
22-Nov-21,23:11
22-Nov-21,23:10
22-Nov-21,23:10
22-Nov-21,23:10
22-Nov-21,23:09
22-Nov-21,23:09
22-Nov-21,23:08
22-Nov-21,23:08
22-Nov-21,23:08
22-Nov-21,23:07
22-Nov-21,23:07
22-Nov-21,23:06
22-Nov-21,23:06
22-Nov-21,23:05
22-Nov-21,23:04
22-Nov-21,23:04
22-Nov-21,23:04
22-Nov-21,23:03
22-Nov-21,23:03
22-Nov-21,23:02
22-Nov-21,23:02
22-Nov-21,23:01
22-Nov-21,22:59
22-Nov-21,22:59
22-Nov-21,22:59
22-Nov-21,22:59
22-Nov-21,22:57
22-Nov-21,22:57
22-Nov-21,22:57
22-Nov-21,22:56
22-Nov-21,22:56
22-Nov-21,22:55
22-Nov-21,22:55
22-Nov-21,22:53
22-Nov-21,22:53
22-Nov-21,22:53
22-Nov-21,22:52
22-Nov-21,22:52
22-Nov-21,22:52
22-Nov-21,22:50
22-Nov-21,22:49
22-Nov-21,22:48
22-Nov-21,22:48
22-Nov-21,22:47
22-Nov-21,22:47
22-Nov-21,22:46
22-Nov-21,22:46
22-Nov-21,22:46
22-Nov-21,22:44
22-Nov-21,22:44
22-Nov-21,22:42
22-Nov-21,22:42
22-Nov-21,22:41
22-Nov-21,22:41
22-Nov-21,22:40
22-Nov-21,22:39
22-Nov-21,22:39
22-Nov-21,22:38
22-Nov-21,22:38
22-Nov-21,22:37
22-Nov-21,22:36
22-Nov-21,22:36
22-Nov-21,22:35
22-Nov-21,22:34
22-Nov-21,22:33
22-Nov-21,22:33
22-Nov-21,22:33
22-Nov-21,22:32
22-Nov-21,22:32
22-Nov-21,22:32
22-Nov-21,22:31
22-Nov-21,22:31
22-Nov-21,22:30
22-Nov-21,22:30
22-Nov-21,22:29
22-Nov-21,22:29
22-Nov-21,22:28
22-Nov-21,22:28
22-Nov-21,22:27
22-Nov-21,22:26
22-Nov-21,22:26
22-Nov-21,22:25
22-Nov-21,22:24
22-Nov-21,22:24
22-Nov-21,22:22
22-Nov-21,22:22
22-Nov-21,22:22
22-Nov-21,22:21
22-Nov-21,22:20
22-Nov-21,22:20
22-Nov-21,22:17
22-Nov-21,22:15
22-Nov-21,22:15
22-Nov-21,22:15
22-Nov-21,22:14
22-Nov-21,22:11
22-Nov-21,22:04
22-Nov-21,22:03
22-Nov-21,22:03
22-Nov-21,22:02
22-Nov-21,22:01
22-Nov-21,22:01
22-Nov-21,22:00
22-Nov-21,21:59
22-Nov-21,21:58
22-Nov-21,21:58
22-Nov-21,21:58
22-Nov-21,21:57
22-Nov-21,21:56
22-Nov-21,21:56
22-Nov-21,21:55
22-Nov-21,21:54
22-Nov-21,21:54
22-Nov-21,21:53
22-Nov-21,21:51
22-Nov-21,21:50
22-Nov-21,21:50
22-Nov-21,21:50
22-Nov-21,21:50
22-Nov-21,21:48
22-Nov-21,21:48
22-Nov-21,21:48
22-Nov-21,21:48
22-Nov-21,21:44
22-Nov-21,21:44
22-Nov-21,21:44
22-Nov-21,21:42
22-Nov-21,21:41
22-Nov-21,21:41
22-Nov-21,21:40
22-Nov-21,21:40
22-Nov-21,21:38
22-Nov-21,21:32
22-Nov-21,21:32
22-Nov-21,21:25
22-Nov-21,21:24
22-Nov-21,21:24
22-Nov-21,21:24
22-Nov-21,21:24
22-Nov-21,21:23
22-Nov-21,21:20
22-Nov-21,21:20
22-Nov-21,21:19
22-Nov-21,21:19
22-Nov-21,21:16
22-Nov-21,21:15
22-Nov-21,21:15
22-Nov-21,21:13
22-Nov-21,21:11
22-Nov-21,21:10
22-Nov-21,21:04
22-Nov-21,21:00
22-Nov-21,20:59
22-Nov-21,20:58
22-Nov-21,20:57
22-Nov-21,20:55
22-Nov-21,20:55
22-Nov-21,20:55
22-Nov-21,20:51
22-Nov-21,20:50
22-Nov-21,20:49
22-Nov-21,20:49
22-Nov-21,20:48
22-Nov-21,20:46
22-Nov-21,20:40
22-Nov-21,20:38
22-Nov-21,20:38
22-Nov-21,20:38
22-Nov-21,20:38
22-Nov-21,20:29
22-Nov-21,20:26
22-Nov-21,20:24
22-Nov-21,20:23
22-Nov-21,20:20
22-Nov-21,20:16
22-Nov-21,20:09
22-Nov-21,20:09
22-Nov-21,20:03
22-Nov-21,20:02
22-Nov-21,20:01
22-Nov-21,20:01
22-Nov-21,20:01
22-Nov-21,19:57
22-Nov-21,19:57
22-Nov-21,19:52
22-Nov-21,19:50
22-Nov-21,19:50
22-Nov-21,19:48
22-Nov-21,19:47
22-Nov-21,19:47
22-Nov-21,19:43
22-Nov-21,19:43
22-Nov-21,19:42
22-Nov-21,19:41
22-Nov-21,19:40
22-Nov-21,19:40
22-Nov-21,19:38
22-Nov-21,19:37
22-Nov-21,19:33
22-Nov-21,19:27
22-Nov-21,19:27
22-Nov-21,19:25
22-Nov-21,19:19
22-Nov-21,19:12
22-Nov-21,19:11
22-Nov-21,19:00
22-Nov-21,19:00
22-Nov-21,18:57
22-Nov-21,18:53
22-Nov-21,18:50
22-Nov-21,18:49
22-Nov-21,18:45
22-Nov-21,18:44
22-Nov-21,18:41
22-Nov-21,18:39
22-Nov-21,18:37
22-Nov-21,18:30
22-Nov-21,18:29
22-Nov-21,18:27
22-Nov-21,18:25
22-Nov-21,18:25
22-Nov-21,18:25
22-Nov-21,18:25
22-Nov-21,18:24
22-Nov-21,18:24
22-Nov-21,18:24
22-Nov-21,18:23
22-Nov-21,18:23
22-Nov-21,18:21
22-Nov-21,18:21
22-Nov-21,18:21
22-Nov-21,18:20
22-Nov-21,18:18
22-Nov-21,18:17
22-Nov-21,18:14
22-Nov-21,18:13
22-Nov-21,18:10
22-Nov-21,18:06
22-Nov-21,18:05
22-Nov-21,18:05
22-Nov-21,18:05
22-Nov-21,18:02
22-Nov-21,18:01
22-Nov-21,18:00
22-Nov-21,17:58
22-Nov-21,17:58
22-Nov-21,17:57
22-Nov-21,17:53
22-Nov-21,17:53
22-Nov-21,17:53
22-Nov-21,17:52
22-Nov-21,17:52
22-Nov-21,17:51
22-Nov-21,17:51
22-Nov-21,17:49
22-Nov-21,17:49
22-Nov-21,17:48
22-Nov-21,17:48
22-Nov-21,17:48
22-Nov-21,17:46
22-Nov-21,17:44
22-Nov-21,17:43
22-Nov-21,17:43
22-Nov-21,17:42
22-Nov-21,17:41
22-Nov-21,17:40
22-Nov-21,17:39
22-Nov-21,17:38
22-Nov-21,17:38
22-Nov-21,17:35
22-Nov-21,17:35
22-Nov-21,17:35
22-Nov-21,17:33
22-Nov-21,17:32
22-Nov-21,17:31
22-Nov-21,17:31
22-Nov-21,17:30
22-Nov-21,17:30
22-Nov-21,17:30
22-Nov-21,17:28
22-Nov-21,17:28
22-Nov-21,17:27
22-Nov-21,17:26
22-Nov-21,17:25
22-Nov-21,17:25
22-Nov-21,17:24
22-Nov-21,17:24
22-Nov-21,17:23
22-Nov-21,17:23
22-Nov-21,17:22
22-Nov-21,17:22
22-Nov-21,17:19
22-Nov-21,17:18
22-Nov-21,17:17
22-Nov-21,17:17
22-Nov-21,17:16
22-Nov-21,17:16
22-Nov-21,17:16
22-Nov-21,17:16
22-Nov-21,17:15
22-Nov-21,17:15
22-Nov-21,17:15
22-Nov-21,17:13
22-Nov-21,17:13
22-Nov-21,17:10
22-Nov-21,17:10
22-Nov-21,17:10
22-Nov-21,17:10
22-Nov-21,17:09
22-Nov-21,17:08
22-Nov-21,17:08
22-Nov-21,17:08
22-Nov-21,17:07
22-Nov-21,17:07
22-Nov-21,17:07
22-Nov-21,17:07
22-Nov-21,17:06
22-Nov-21,17:05
22-Nov-21,17:05
22-Nov-21,17:05
22-Nov-21,17:04
22-Nov-21,17:04
22-Nov-21,17:02
22-Nov-21,17:02
22-Nov-21,17:02
22-Nov-21,17:02
22-Nov-21,17:02
22-Nov-21,17:02
22-Nov-21,17:01
22-Nov-21,17:00
22-Nov-21,16:58
22-Nov-21,16:58
22-Nov-21,16:58
22-Nov-21,16:58
22-Nov-21,16:57
22-Nov-21,16:57
22-Nov-21,16:55
22-Nov-21,16:55
22-Nov-21,16:54
22-Nov-21,16:54
22-Nov-21,16:54
22-Nov-21,16:53
22-Nov-21,16:53
22-Nov-21,16:53
22-Nov-21,16:52
22-Nov-21,16:50
22-Nov-21,16:50
22-Nov-21,16:50
22-Nov-21,16:49
22-Nov-21,16:49
22-Nov-21,16:48
22-Nov-21,16:48
22-Nov-21,16:48
22-Nov-21,16:48
22-Nov-21,16:48
22-Nov-21,16:47
22-Nov-21,16:46
22-Nov-21,16:46
22-Nov-21,16:46
22-Nov-21,16:44
22-Nov-21,16:44
22-Nov-21,16:44
22-Nov-21,16:42
22-Nov-21,16:42
22-Nov-21,16:41
22-Nov-21,16:40
22-Nov-21,16:39
22-Nov-21,16:39
22-Nov-21,16:38
22-Nov-21,16:37
22-Nov-21,16:37
22-Nov-21,16:37
22-Nov-21,16:36
22-Nov-21,16:36
22-Nov-21,16:36
22-Nov-21,16:35
22-Nov-21,16:35
22-Nov-21,16:35
22-Nov-21,16:34
22-Nov-21,16:33
22-Nov-21,16:33
22-Nov-21,16:33
22-Nov-21,16:32
22-Nov-21,16:32
22-Nov-21,16:32
22-Nov-21,16:31
22-Nov-21,16:30
22-Nov-21,16:30
22-Nov-21,16:29
22-Nov-21,16:29
22-Nov-21,16:28
22-Nov-21,16:27
22-Nov-21,16:27
22-Nov-21,16:27
22-Nov-21,16:27
22-Nov-21,16:26
22-Nov-21,16:25
22-Nov-21,16:24
22-Nov-21,16:24
22-Nov-21,16:24
22-Nov-21,16:24
22-Nov-21,16:23
22-Nov-21,16:22
22-Nov-21,16:21
22-Nov-21,16:21
22-Nov-21,16:21
22-Nov-21,16:21
22-Nov-21,16:20
22-Nov-21,16:20
22-Nov-21,16:20
22-Nov-21,16:20
22-Nov-21,16:20
22-Nov-21,16:19
22-Nov-21,16:19
22-Nov-21,16:19
22-Nov-21,16:18
22-Nov-21,16:18
22-Nov-21,16:17
22-Nov-21,16:17
22-Nov-21,16:17
22-Nov-21,16:17
22-Nov-21,16:16
22-Nov-21,16:16
22-Nov-21,16:16
27-Nov-21,16:16
27-Nov-21,16:15
27-Nov-21,16:15
22-Nov-21,16:15
21-Nov-21,16:15
21-Nov-21,16:15
26-Nov-21,16:15
28-Nov-21,16:15
28-Nov-21,16:14
28-Nov-21,16:13
28-Nov-21,16:13
28-Nov-21,16:13
28-Nov-21,16:12
28-Nov-21,16:12
26-Nov-21,16:11
26-Nov-21,16:11
27-Nov-21,16:11
27-Nov-21,16:10
27-Nov-21,16:10
26-Nov-21,16:10
26-Nov-21,16:10
26-Nov-21,16:09
26-Nov-21,16:09
26-Nov-21,16:09
26-Nov-21,16:08
26-Nov-21,16:08
26-Nov-21,16:08
26-Nov-21,16:08
26-Nov-21,16:07
27-Nov-21,16:07
27-Nov-21,16:06
27-Nov-21,16:05
25-Nov-21,16:05
26-Nov-21,16:05
26-Nov-21,16:05
26-Nov-21,16:05
26-Nov-21,16:05
26-Nov-21,16:04
26-Nov-21,16:04
26-Nov-21,16:03
26-Nov-21,16:03
27-Nov-21,16:02
27-Nov-21,16:02
21-Nov-21,16:02
25-Nov-21,16:02
25-Nov-21,16:02
25-Nov-21,16:01
28-Nov-21,16:01
21-Nov-21,16:01
25-Nov-21,16:01
24-Nov-21,16:00
24-Nov-21,16:00
21-Nov-21,16:00
23-Nov-21,16:00
25-Nov-21,16:00
21-Nov-21,15:59
21-Nov-21,15:58
23-Nov-21,15:57
25-Nov-21,15:57
27-Nov-21,15:57
23-Nov-21,15:56
23-Nov-21,15:56
23-Nov-21,15:56
23-Nov-21,15:56
22-Nov-21,15:55
22-Nov-21,15:54
22-Nov-21,15:54
22-Nov-21,15:54
22-Nov-21,15:54
22-Nov-21,15:53
22-Nov-21,15:53
22-Nov-21,15:52
22-Nov-21,15:51
22-Nov-21,15:51
22-Nov-21,15:50
22-Nov-21,15:50
22-Nov-21,15:50
22-Nov-21,15:49
22-Nov-21,15:49
22-Nov-21,15:49
22-Nov-21,15:48
22-Nov-21,15:48
22-Nov-21,15:48
22-Nov-21,15:48
22-Nov-21,15:47
22-Nov-21,15:47
22-Nov-21,15:47
22-Nov-21,15:46
22-Nov-21,15:46
22-Nov-21,15:46
22-Nov-21,15:46
22-Nov-21,15:46
22-Nov-21,15:46
22-Nov-21,15:46
22-Nov-21,15:45
22-Nov-21,15:45
22-Nov-21,15:45
22-Nov-21,15:45
22-Nov-21,15:44
22-Nov-21,15:44
22-Nov-21,15:44
22-Nov-21,15:44
22-Nov-21,15:43
22-Nov-21,15:43
22-Nov-21,15:43
22-Nov-21,15:43
22-Nov-21,15:43
22-Nov-21,15:42
22-Nov-21,15:42
22-Nov-21,15:42
22-Nov-21,15:42
22-Nov-21,15:42
22-Nov-21,15:41
22-Nov-21,15:41
22-Nov-21,15:41
22-Nov-21,15:39
22-Nov-21,15:39
22-Nov-21,15:38
22-Nov-21,15:38
22-Nov-21,15:37
22-Nov-21,15:37
22-Nov-21,15:37
22-Nov-21,15:37
22-Nov-21,15:37
22-Nov-21,15:37
22-Nov-21,15:36
22-Nov-21,15:36
22-Nov-21,15:35
22-Nov-21,15:35
22-Nov-21,15:35
22-Nov-21,15:34
22-Nov-21,15:34
22-Nov-21,15:34
22-Nov-21,15:34
22-Nov-21,15:34
22-Nov-21,15:33
22-Nov-21,15:32
22-Nov-21,15:32
22-Nov-21,15:32
22-Nov-21,15:32
22-Nov-21,15:32
22-Nov-21,15:31
22-Nov-21,15:31
22-Nov-21,15:31
22-Nov-21,15:30
22-Nov-21,15:30
22-Nov-21,15:30
22-Nov-21,15:30
22-Nov-21,15:29
22-Nov-21,15:28
22-Nov-21,15:28
22-Nov-21,15:28
22-Nov-21,15:27
22-Nov-21,15:27
22-Nov-21,15:27
22-Nov-21,15:27
22-Nov-21,15:27
22-Nov-21,15:26
22-Nov-21,15:26
22-Nov-21,15:26
22-Nov-21,15:26
22-Nov-21,15:25
22-Nov-21,15:25
22-Nov-21,15:25
22-Nov-21,15:25
22-Nov-21,15:24
22-Nov-21,15:24
22-Nov-21,15:24
22-Nov-21,15:23
22-Nov-21,15:23
22-Nov-21,15:23
22-Nov-21,15:22
22-Nov-21,15:22
22-Nov-21,15:22
22-Nov-21,15:22
22-Nov-21,15:22
22-Nov-21,15:22
22-Nov-21,15:21
22-Nov-21,15:21
22-Nov-21,15:21
22-Nov-21,15:21
22-Nov-21,15:21
22-Nov-21,15:21
22-Nov-21,15:20
22-Nov-21,15:20
22-Nov-21,15:20
22-Nov-21,15:20
22-Nov-21,15:20
22-Nov-21,15:20
22-Nov-21,15:19
22-Nov-21,15:19
22-Nov-21,15:18
22-Nov-21,15:17
22-Nov-21,15:17
22-Nov-21,15:17
21-Nov-21,15:16
28-Nov-21,15:16
28-Nov-21,15:16
28-Nov-21,15:16
28-Nov-21,15:15
27-Nov-21,15:15
27-Nov-21,15:15
27-Nov-21,15:14
27-Nov-21,15:13
27-Nov-21,15:12
27-Nov-21,15:12
27-Nov-21,15:11
27-Nov-21,15:11
27-Nov-21,15:11
27-Nov-21,15:11
27-Nov-21,15:11
27-Nov-21,15:10
27-Nov-21,15:09
27-Nov-21,15:09
27-Nov-21,15:09
27-Nov-21,15:09
27-Nov-21,15:08
27-Nov-21,15:08
27-Nov-21,15:08
27-Nov-21,15:07
27-Nov-21,15:07
27-Nov-21,15:07
27-Nov-21,15:07
27-Nov-21,15:06
27-Nov-21,15:06
27-Nov-21,15:06
27-Nov-21,15:06
27-Nov-21,15:06
27-Nov-21,15:05
27-Nov-21,15:05
27-Nov-21,15:05
27-Nov-21,15:04
27-Nov-21,15:04
27-Nov-21,15:04
27-Nov-21,15:03
27-Nov-21,15:03
27-Nov-21,15:02
26-Nov-21,15:02
26-Nov-21,15:02
26-Nov-21,15:01
26-Nov-21,15:00
26-Nov-21,15:00
26-Nov-21,15:00
26-Nov-21,14:59
26-Nov-21,14:57
26-Nov-21,14:57
26-Nov-21,14:57
26-Nov-21,14:57
26-Nov-21,14:55
26-Nov-21,14:55
26-Nov-21,14:54
26-Nov-21,14:54
26-Nov-21,14:54
26-Nov-21,14:53
26-Nov-21,14:52
26-Nov-21,14:52
26-Nov-21,14:52
26-Nov-21,14:52
26-Nov-21,14:52
26-Nov-21,14:52
26-Nov-21,14:52
26-Nov-21,14:51
26-Nov-21,14:51
26-Nov-21,14:51
26-Nov-21,14:50
26-Nov-21,14:50
26-Nov-21,14:49
26-Nov-21,14:48
26-Nov-21,14:48
26-Nov-21,14:48
26-Nov-21,14:48
26-Nov-21,14:47
26-Nov-21,14:47
26-Nov-21,14:46
26-Nov-21,14:46
26-Nov-21,14:46
26-Nov-21,14:46
26-Nov-21,14:45
26-Nov-21,14:45
26-Nov-21,14:44
26-Nov-21,14:44
26-Nov-21,14:44
26-Nov-21,14:44
26-Nov-21,14:43
26-Nov-21,14:43
26-Nov-21,14:43
26-Nov-21,14:43
26-Nov-21,14:42
26-Nov-21,14:42
26-Nov-21,14:42
26-Nov-21,14:41
26-Nov-21,14:41
26-Nov-21,14:41
26-Nov-21,14:41
26-Nov-21,14:39
26-Nov-21,14:39
26-Nov-21,14:38
26-Nov-21,14:38
26-Nov-21,14:38
26-Nov-21,14:38
26-Nov-21,14:37
26-Nov-21,14:37
26-Nov-21,14:37
26-Nov-21,14:37
26-Nov-21,14:36
26-Nov-21,14:36
26-Nov-21,14:36
26-Nov-21,14:36
26-Nov-21,14:36
26-Nov-21,14:36
26-Nov-21,14:35
26-Nov-21,14:35
26-Nov-21,14:35
26-Nov-21,14:34
26-Nov-21,14:34
26-Nov-21,14:34
26-Nov-21,14:34
26-Nov-21,14:33
26-Nov-21,14:33
26-Nov-21,14:32
26-Nov-21,14:32
26-Nov-21,14:31
26-Nov-21,14:31
26-Nov-21,14:30
26-Nov-21,14:29
26-Nov-21,14:29
26-Nov-21,14:29
26-Nov-21,14:28
26-Nov-21,14:27
26-Nov-21,14:27
26-Nov-21,14:26
26-Nov-21,14:26
26-Nov-21,14:26
26-Nov-21,14:26
26-Nov-21,14:26
26-Nov-21,14:25
26-Nov-21,14:25
26-Nov-21,14:25
26-Nov-21,14:25
26-Nov-21,14:25
26-Nov-21,14:25
26-Nov-21,14:24
26-Nov-21,14:24
26-Nov-21,14:24
26-Nov-21,14:23
26-Nov-21,14:23
26-Nov-21,14:23
26-Nov-21,14:23
26-Nov-21,14:23
26-Nov-21,14:22
26-Nov-21,14:22
26-Nov-21,14:22
26-Nov-21,14:22
26-Nov-21,14:21
26-Nov-21,14:21
26-Nov-21,14:21
26-Nov-21,14:21
26-Nov-21,14:21
26-Nov-21,14:21
26-Nov-21,14:20
26-Nov-21,14:20
26-Nov-21,14:20
26-Nov-21,14:20
26-Nov-21,14:20
26-Nov-21,14:19
26-Nov-21,14:19
26-Nov-21,14:19
26-Nov-21,14:19
26-Nov-21,14:18
26-Nov-21,14:18
26-Nov-21,14:18
26-Nov-21,14:18
26-Nov-21,14:17
26-Nov-21,14:17
26-Nov-21,14:17
26-Nov-21,14:17
26-Nov-21,14:17
26-Nov-21,14:17
26-Nov-21,14:17
26-Nov-21,14:16
25-Nov-21,14:16
27-Nov-21,14:16
27-Nov-21,14:16
27-Nov-21,14:16
22-Nov-21,14:15
28-Nov-21,14:15
27-Nov-21,14:15
27-Nov-21,14:15
27-Nov-21,14:15
27-Nov-21,14:15
27-Nov-21,14:15
21-Nov-21,14:14
21-Nov-21,14:14
22-Nov-21,14:13
25-Nov-21,14:13
25-Nov-21,14:13
22-Nov-21,14:13
22-Nov-21,14:13
24-Nov-21,14:13
23-Nov-21,14:13
23-Nov-21,14:12
23-Nov-21,14:12
23-Nov-21,14:12
23-Nov-21,14:11
23-Nov-21,14:11
22-Nov-21,14:10
22-Nov-21,14:10
22-Nov-21,14:10
28-Nov-21,14:10
26-Nov-21,14:09
26-Nov-21,14:09
26-Nov-21,14:09
26-Nov-21,14:09
26-Nov-21,14:08
26-Nov-21,14:06
26-Nov-21,14:06
22-Nov-21,14:05
22-Nov-21,14:04
20-Nov-21,14:04
24-Nov-21,14:04
24-Nov-21,14:04
24-Nov-21,14:03
23-Nov-21,14:02
28-Nov-21,14:01
22-Nov-21,14:00
22-Nov-21,13:59
22-Nov-21,13:59
26-Nov-21,13:58
20-Nov-21,13:58
20-Nov-21,13:58
20-Nov-21,13:58
24-Nov-21,13:57
28-Nov-21,13:57
27-Nov-21,13:56
27-Nov-21,13:56
27-Nov-21,13:56
27-Nov-21,13:55
27-Nov-21,13:55
27-Nov-21,13:54
27-Nov-21,13:53
27-Nov-21,13:53
27-Nov-21,13:52
27-Nov-21,13:50
27-Nov-21,13:50
27-Nov-21,13:50
27-Nov-21,13:49
27-Nov-21,13:49
27-Nov-21,13:49
27-Nov-21,13:49
26-Nov-21,13:46
26-Nov-21,13:46
26-Nov-21,13:46
26-Nov-21,13:46
26-Nov-21,13:45
26-Nov-21,13:45
26-Nov-21,13:45
26-Nov-21,13:44
26-Nov-21,13:44
24-Nov-21,13:43
24-Nov-21,13:43
24-Nov-21,13:43
22-Nov-21,13:43
22-Nov-21,13:42
21-Nov-21,13:41
20-Nov-21,13:41
20-Nov-21,13:40
28-Nov-21,13:40
27-Nov-21,13:39
27-Nov-21,13:39
27-Nov-21,13:38
27-Nov-21,13:37
27-Nov-21,13:37
27-Nov-21,13:37
27-Nov-21,13:37
27-Nov-21,13:36
27-Nov-21,13:36
27-Nov-21,13:36
27-Nov-21,13:36
27-Nov-21,13:35
27-Nov-21,13:35
27-Nov-21,13:34
27-Nov-21,13:33
27-Nov-21,13:32
27-Nov-21,13:32
27-Nov-21,13:31
27-Nov-21,13:31
26-Nov-21,13:30
26-Nov-21,13:30
26-Nov-21,13:29
26-Nov-21,13:29
26-Nov-21,13:29
26-Nov-21,13:26
26-Nov-21,13:25
26-Nov-21,13:25
26-Nov-21,13:24
26-Nov-21,13:23
26-Nov-21,13:23
26-Nov-21,13:23
26-Nov-21,13:22
28-Nov-21,13:21
28-Nov-21,13:20
28-Nov-21,13:18
28-Nov-21,13:18
27-Nov-21,13:18
27-Nov-21,13:17
27-Nov-21,13:16
27-Nov-21,13:15
27-Nov-21,13:15
27-Nov-21,13:14
27-Nov-21,13:13
27-Nov-21,13:13
27-Nov-21,13:13
27-Nov-21,13:13
27-Nov-21,13:12
27-Nov-21,13:12
27-Nov-21,13:11
27-Nov-21,13:10
27-Nov-21,13:10
27-Nov-21,13:10
27-Nov-21,13:10
27-Nov-21,13:09
27-Nov-21,13:09
27-Nov-21,13:09
27-Nov-21,13:08
27-Nov-21,13:07
27-Nov-21,13:07
27-Nov-21,13:07
27-Nov-21,13:06
27-Nov-21,13:06
27-Nov-21,13:06
27-Nov-21,13:05
26-Nov-21,13:05
26-Nov-21,13:04
26-Nov-21,13:03
26-Nov-21,13:03
26-Nov-21,13:03
26-Nov-21,13:02
26-Nov-21,13:02
26-Nov-21,13:02
26-Nov-21,13:00
26-Nov-21,13:00
26-Nov-21,12:59
26-Nov-21,12:59
26-Nov-21,12:57
26-Nov-21,12:57
26-Nov-21,12:56
26-Nov-21,12:54
26-Nov-21,12:54
26-Nov-21,12:54
28-Nov-21,12:54
27-Nov-21,12:54
27-Nov-21,12:53
27-Nov-21,12:53
27-Nov-21,12:52
27-Nov-21,12:51
27-Nov-21,12:50
27-Nov-21,12:50
27-Nov-21,12:50
27-Nov-21,12:48
27-Nov-21,12:48
27-Nov-21,12:47
27-Nov-21,12:46
27-Nov-21,12:44
27-Nov-21,12:43
27-Nov-21,12:43
27-Nov-21,12:43
27-Nov-21,12:42
27-Nov-21,12:42
27-Nov-21,12:41
26-Nov-21,12:40
26-Nov-21,12:40
26-Nov-21,12:40
26-Nov-21,12:39
26-Nov-21,12:38
26-Nov-21,12:37
26-Nov-21,12:36
26-Nov-21,12:36
26-Nov-21,12:35
28-Nov-21,12:35
27-Nov-21,12:35
27-Nov-21,12:35
27-Nov-21,12:33
27-Nov-21,12:30
27-Nov-21,12:30
27-Nov-21,12:29
27-Nov-21,12:28
27-Nov-21,12:27
27-Nov-21,12:27
27-Nov-21,12:26
27-Nov-21,12:25
27-Nov-21,12:25
27-Nov-21,12:23
27-Nov-21,12:22
27-Nov-21,12:22
27-Nov-21,12:21
27-Nov-21,12:21
26-Nov-21,12:21
26-Nov-21,12:21
26-Nov-21,12:20
26-Nov-21,12:19
26-Nov-21,12:19
26-Nov-21,12:19
26-Nov-21,12:18
26-Nov-21,12:18
26-Nov-21,12:18
26-Nov-21,12:17
20-Nov-21,12:17
21-Nov-21,12:16
20-Nov-21,12:14
22-Nov-21,12:13
20-Nov-21,12:12
20-Nov-21,12:11
28-Nov-21,12:11
27-Nov-21,12:11
27-Nov-21,12:10
27-Nov-21,12:09
27-Nov-21,12:08
27-Nov-21,12:08
27-Nov-21,12:08
27-Nov-21,12:07
27-Nov-21,12:07
27-Nov-21,12:07
27-Nov-21,12:06
27-Nov-21,12:06
27-Nov-21,12:06
27-Nov-21,12:05
27-Nov-21,12:05
27-Nov-21,12:05
27-Nov-21,12:05
26-Nov-21,12:03
26-Nov-21,12:02
26-Nov-21,12:00
26-Nov-21,12:00
26-Nov-21,11:58
26-Nov-21,11:57
26-Nov-21,11:56
26-Nov-21,11:56
26-Nov-21,11:56
26-Nov-21,11:55
22-Nov-21,11:55
27-Nov-21,11:54
27-Nov-21,11:54
27-Nov-21,11:53
24-Nov-21,11:52
24-Nov-21,11:52
20-Nov-21,11:51
20-Nov-21,11:50
26-Nov-21,11:49
22-Nov-21,11:48
24-Nov-21,11:45
28-Nov-21,11:45
26-Nov-21,11:44
26-Nov-21,11:44
26-Nov-21,11:43
26-Nov-21,11:42
26-Nov-21,11:42
26-Nov-21,11:42
25-Nov-21,11:41
25-Nov-21,11:41
25-Nov-21,11:40
25-Nov-21,11:40
25-Nov-21,11:39
26-Nov-21,11:39
28-Nov-21,11:39
24-Nov-21,11:38
24-Nov-21,11:38
24-Nov-21,11:37
24-Nov-21,11:37
28-Nov-21,11:35
26-Nov-21,11:34
24-Nov-21,11:31
22-Nov-21,11:30
27-Nov-21,11:29
26-Nov-21,11:28
26-Nov-21,11:28
26-Nov-21,11:27
26-Nov-21,11:26
26-Nov-21,11:26
26-Nov-21,11:25
26-Nov-21,11:25
26-Nov-21,11:25
26-Nov-21,11:24
26-Nov-21,11:24
26-Nov-21,11:24
26-Nov-21,11:23
28-Nov-21,11:23
28-Nov-21,11:22
28-Nov-21,11:22
28-Nov-21,11:22
27-Nov-21,11:22
27-Nov-21,11:21
27-Nov-21,11:21
27-Nov-21,11:20
27-Nov-21,11:20
27-Nov-21,11:19
27-Nov-21,11:19
27-Nov-21,11:18
27-Nov-21,11:18
27-Nov-21,11:18
27-Nov-21,11:18
26-Nov-21,11:17
26-Nov-21,11:17
26-Nov-21,11:17
26-Nov-21,11:16
26-Nov-21,11:16
26-Nov-21,11:15
26-Nov-21,11:14
26-Nov-21,11:13
26-Nov-21,11:13
26-Nov-21,11:12
26-Nov-21,11:10
26-Nov-21,11:10
26-Nov-21,11:09
26-Nov-21,11:09
26-Nov-21,11:09
26-Nov-21,11:08
26-Nov-21,11:03
26-Nov-21,11:03
26-Nov-21,11:02
26-Nov-21,11:02
26-Nov-21,11:01
26-Nov-21,11:01
26-Nov-21,10:59
26-Nov-21,10:59
26-Nov-21,10:59
26-Nov-21,10:58
26-Nov-21,10:55
26-Nov-21,10:55
26-Nov-21,10:52
26-Nov-21,10:52
26-Nov-21,10:52
26-Nov-21,10:51
26-Nov-21,10:50
26-Nov-21,10:50
26-Nov-21,10:46
26-Nov-21,10:46
26-Nov-21,10:44
26-Nov-21,10:42
26-Nov-21,10:40
26-Nov-21,10:39
26-Nov-21,10:38
26-Nov-21,10:37
26-Nov-21,10:36
26-Nov-21,10:35
26-Nov-21,10:34
26-Nov-21,10:34
26-Nov-21,10:34
26-Nov-21,10:34
26-Nov-21,10:33
26-Nov-21,10:32
26-Nov-21,10:32
26-Nov-21,10:31
26-Nov-21,10:31
26-Nov-21,10:30
26-Nov-21,10:30
26-Nov-21,10:29
26-Nov-21,10:27
26-Nov-21,10:26
26-Nov-21,10:26
26-Nov-21,10:26
26-Nov-21,10:26
26-Nov-21,10:24
26-Nov-21,10:23
26-Nov-21,10:21
26-Nov-21,10:21
26-Nov-21,10:20
26-Nov-21,10:19
26-Nov-21,10:19
26-Nov-21,10:19
26-Nov-21,10:18
26-Nov-21,10:18
26-Nov-21,10:16
26-Nov-21,10:15
26-Nov-21,10:14
26-Nov-21,10:14
26-Nov-21,10:13
26-Nov-21,10:11
26-Nov-21,10:11
26-Nov-21,10:10
26-Nov-21,10:08
26-Nov-21,10:07
26-Nov-21,10:07
26-Nov-21,10:07
26-Nov-21,10:06
26-Nov-21,10:04
26-Nov-21,10:03
26-Nov-21,10:01
26-Nov-21,9:59
26-Nov-21,9:59
26-Nov-21,9:59
26-Nov-21,9:56
26-Nov-21,9:55
26-Nov-21,9:54
26-Nov-21,9:54
26-Nov-21,9:54
26-Nov-21,9:54
26-Nov-21,9:50
26-Nov-21,9:50
26-Nov-21,9:49
26-Nov-21,9:49
26-Nov-21,9:47
26-Nov-21,9:42
26-Nov-21,9:41
26-Nov-21,9:40
26-Nov-21,9:40
26-Nov-21,9:39
26-Nov-21,9:39
26-Nov-21,9:38
26-Nov-21,9:37
26-Nov-21,9:36
26-Nov-21,9:34
26-Nov-21,9:33
26-Nov-21,9:33
26-Nov-21,9:31
26-Nov-21,9:31
26-Nov-21,9:31
26-Nov-21,9:31
26-Nov-21,9:30
26-Nov-21,9:30
26-Nov-21,9:29
26-Nov-21,9:26
26-Nov-21,9:26
26-Nov-21,9:26
26-Nov-21,9:25
26-Nov-21,9:25
26-Nov-21,9:24
26-Nov-21,9:22
26-Nov-21,9:22
26-Nov-21,9:22
26-Nov-21,9:22
26-Nov-21,9:21
26-Nov-21,9:21
26-Nov-21,9:21
26-Nov-21,9:12
26-Nov-21,9:02
26-Nov-21,8:53
26-Nov-21,8:52
26-Nov-21,8:49
26-Nov-21,8:43
26-Nov-21,8:42
26-Nov-21,8:41
26-Nov-21,8:40
26-Nov-21,8:26
26-Nov-21,8:21
26-Nov-21,8:19
26-Nov-21,8:19
26-Nov-21,7:59
26-Nov-21,7:55
26-Nov-21,7:47
26-Nov-21,7:47
26-Nov-21,7:46
26-Nov-21,7:46
26-Nov-21,7:45
26-Nov-21,7:42
26-Nov-21,7:38
26-Nov-21,7:28
26-Nov-21,7:28
26-Nov-21,7:25
26-Nov-21,7:25
26-Nov-21,7:24
26-Nov-21,7:18
26-Nov-21,7:16
26-Nov-21,7:09
26-Nov-21,7:09
26-Nov-21,7:05
26-Nov-21,7:05
26-Nov-21,7:04
26-Nov-21,7:01
26-Nov-21,6:59
26-Nov-21,6:53
26-Nov-21,6:49
26-Nov-21,6:47
26-Nov-21,6:46
26-Nov-21,6:44
26-Nov-21,6:43
26-Nov-21,6:41
26-Nov-21,6:35
26-Nov-21,6:30
26-Nov-21,6:28
26-Nov-21,6:27
26-Nov-21,6:24
26-Nov-21,6:23
26-Nov-21,6:20
26-Nov-21,6:18
26-Nov-21,6:12
26-Nov-21,6:09
26-Nov-21,6:08
26-Nov-21,6:08
26-Nov-21,6:03
26-Nov-21,5:50
26-Nov-21,5:42
26-Nov-21,5:35
26-Nov-21,5:35
26-Nov-21,5:34
26-Nov-21,5:31
26-Nov-21,5:31
26-Nov-21,5:29
26-Nov-21,5:27
26-Nov-21,5:25
26-Nov-21,5:24
26-Nov-21,5:23
26-Nov-21,5:23
26-Nov-21,5:15
26-Nov-21,5:14
26-Nov-21,5:12
26-Nov-21,5:07
26-Nov-21,5:06
26-Nov-21,5:02
26-Nov-21,5:01
26-Nov-21,4:58
26-Nov-21,4:56
26-Nov-21,4:56
26-Nov-21,4:55
26-Nov-21,4:46
26-Nov-21,4:44
26-Nov-21,4:43
26-Nov-21,4:43
26-Nov-21,4:41
26-Nov-21,4:41
26-Nov-21,4:38
26-Nov-21,4:36
26-Nov-21,4:32
26-Nov-21,4:28
26-Nov-21,4:28
26-Nov-21,4:28
26-Nov-21,4:25
26-Nov-21,4:24
26-Nov-21,4:23
26-Nov-21,4:23
26-Nov-21,4:19
26-Nov-21,4:15
26-Nov-21,4:10
26-Nov-21,4:08
26-Nov-21,4:07
26-Nov-21,4:01
26-Nov-21,4:01
26-Nov-21,4:00
26-Nov-21,4:00
26-Nov-21,4:00
26-Nov-21,4:00
26-Nov-21,3:59
26-Nov-21,3:57
26-Nov-21,3:56
26-Nov-21,3:56
26-Nov-21,3:56
22-Nov-21,3:56
23-Nov-21,3:54
21-Nov-21,3:53
27-Nov-21,3:38
25-Nov-21,3:37
25-Nov-21,2:29
25-Nov-21,2:26
25-Nov-21,2:07
25-Nov-21,1:49
26-Nov-21,1:43
22-Nov-21,0:14
28-Nov-21,22:04
27-Nov-21,21:42
27-Nov-21,21:35
27-Nov-21,16:25
27-Nov-21,16:17
27-Nov-21,15:24
26-Nov-21,14:45
26-Nov-21,14:04
26-Nov-21,13:53
26-Nov-21,12:45
26-Nov-21,12:39
25-Nov-21,11:49
23-Nov-21,11:22
22-Nov-21,8:56
27-Nov-21,8:39
25-Nov-21,8:14
20-Nov-21,7:57
21-Nov-21,7:56
27-Nov-21,7:53
21-Nov-21,6:31
25-Nov-21,6:28
27-Nov-21,6:11
23-Nov-21,6:04
27-Nov-21,5:54
26-Nov-21,5:36
26-Nov-21,5:15
23-Nov-21,5:08
26-Nov-21,4:17
26-Nov-21,4:16
25-Nov-21,4:10
23-Nov-21,3:53
23-Nov-21,3:46
23-Nov-21,3:29
23-Nov-21,2:56
23-Nov-21,2:49
23-Nov-21,0:40
23-Nov-21,0:37
23-Nov-21,0:10
23-Nov-21,0:10
20-Nov-21,23:32
22-Nov-21,22:45
21-Nov-21,22:38
21-Nov-21,22:33
24-Nov-21,22:29
26-Nov-21,22:28
23-Nov-21,20:07
27-Nov-21,15:24
27-Nov-21,14:57
27-Nov-21,14:44
26-Nov-21,14:32
23-Nov-21,14:29
26-Nov-21,14:19
25-Nov-21,14:19
27-Nov-21,14:16
27-Nov-21,14:03
27-Nov-21,14:03
23-Nov-21,14:01
22-Nov-21,13:58
22-Nov-21,13:57
24-Nov-21,13:49
23-Nov-21,13:44
26-Nov-21,13:40
27-Nov-21,13:40
25-Nov-21,13:29
22-Nov-21,13:20
26-Nov-21,13:19
26-Nov-21,13:12
24-Nov-21,13:09
26-Nov-21,13:01
23-Nov-21,12:47
26-Nov-21,12:43
27-Nov-21,12:37
